,newstitle
0,Polisi Usulkan Ada Jalur Khusus Motor di Tol
1,KPK Dalami Proyek yang Jadi 'Keran' Duit Buat Bupati Mesuji
2,TNI Gelar Operasi Psikologi di Papua Cegah Fobia Loreng
3,Jokowi: Kondisi SMPN 1 Muara Gembong Bekasi Sangat Parah
4,"Kasus Jual-Beli Jabatan, KPK Periksa Bupati Cirebon"
5,"Kena Patil Udang, Tangan Jokowi Berdarah saat Panen di Bekasi"
6,PUPR Gagal Capai Tiga Target RPJMN
7,"Kasus Suap Bupati Mesuji, KPK Geledah 5 Lokasi"
8,Menteri Basuki Sebut Motor Masuk Tol Boleh Secara Aturan
9,"Kasus Suap Proyek Jalan, KPK Kirim Direktur MTU Ke PN Medan"
10,"Jadi Saksi Meikarta, Iwa Akui Ketemu Neneng di Rest Area"
11,VIDEO: Jusuf Kalla Tinjau Kemacetan Jabodetabek
12,"Usai Kepergian Eka Tjipta, Gerak Saham Sinarmas Grup Variatif"
13,Sekda Jabar Iwa Karniwa Jadi Saksi di Sidang Meikarta
14,"Cegah Korupsi, PUPR 'Larang' Pegawai Muda Paraf Proyek"
15,KPK Sebut Pemecatan PNS Terlibat Korupsi Berjalan Lambat
16,Novel Baswedan Sebut Pemeriksaan Dirinya Janggal
17,"Duga Ada Suap, KPK Dalami Aliran Dana Sejumlah Pejabat PUPR"
18,Mendagri Ungkap Pembicaraan Izin Meikarta ke Penyidik KPK
19,Mendagri Penuhi Panggilan KPK untuk Diperiksa soal Meikarta
20,KPK Panggil Mendagri Tjahjo untuk Jadi Saksi Suap Meikarta
21,Karier Bupati Khamami hingga Jadi Tersangka Suap di Mesuji
22,KPK OTT Bupati Mesuji
23,Kronologi OTT Bupati Mesuji Khamami Terima Suap Proyek
24,Kemendagri Dorong Kenaikan Penghasilan Tetap Kepala Daerah
25,Bupati Mesuji Khamami dan Adiknya Jadi Tersangka Suap Proyek
26,"20 Proyek Terindikasi Suap, PUPR Bentuk Balai Khusus Lelang"
27,Gubernur Sulteng Diminta Petakan Zona Merah Gempa Palu
28,"KPK OTT Bupati Mesuji, 8 Orang Diamankan"
29,"KPK Tangkap Tangan Bupati Mesuji, Uang Satu Kardus Diamankan"
30,Para Capres Disebut Belum Serius Perbaiki Nasib Pejalan Kaki
31,KPK Ungkap Dugaan Praktik Suap di 20 Proyek Kementerian PUPR
32,SMF Bakal Salurkan KPR untuk 3.000 PNS Korban Bencana Lombok
33,VIDEO: Presiden Jokowi dan Pejabat Ikut Potong Rambut Massal
34,Cerita Pencukur Rambut Jokowi yang 'Ditemukan' di Mal GI
35,Pemerintah Bakal Gunakan Karet untuk Aspal Jalan 385 Ribu Km
36,Neneng Ungkap Transaksi Suap Meikarta Rp1 Miliar di Rest Area
37,"Kasus Suap SPAM, KPK Periksa Direktur Pengembangan"
38,30 Proyek Strategis Bernilai Rp276 T Rampung di 2019
39,Diskon Tol Trans Jawa Tak Berlaku kalau Saldo e-Toll Kurang
40,Tarif Tiga Jalan Tol di Jateng Diskon 15 Persen Sampai Maret
41,"Usai Debat Pilpres 2019, Jokowi Cukur Rambut di Garut"
42,Jokowi Janji Tambah Rusun dan BLK Khusus Santri
43,Jalan Raya Gubeng Surabaya Kembali Alami Retakan
44,Jokowi Diprediksi Bisa Unggul di Debat Capres Perdana
45,Menanti Kejutan Sang Penantang di Debat Capres Perdana 2019
46,Anies Minta Proyek Pembangunan Tanggul Raksasa Dikaji Ulang
47,Sidang Meikarta Ungkap Alur Perizinan yang Lewat 'Belakang'
48,"Soal Penurunan Tanah, Pemprov DKI Akan Belajar dari Jepang"
49,Amien Rais Sebut Jokowi Bisa Diadili Setelah Lengser
50,"Korupsi Rekonstruksi Masjid Pascagempa, Staf Kemenag Diciduk"
51,Alasan Anggaran BP Tapera Belum Juga Cair Awal 2019
52,KPK Ungkap 10 Kementerian Terendah Laporkan LHKPN
53,Aher Akui Sempat Bertemu Neneng Bahas Perda Terkait Meikarta
54,KPK Cermati Klaim Neneng Soal Arahan Tjahjo Terkait Meikarta
55,Sekda Jabar Iwa Karniwa Disebut Minta Rp1 M dari Meikarta
56,Neneng Sebut Tjahjo Kumolo Minta Izin Meikarta Dibantu
57,Jokowi Minta Rekonstruksi Wilayah Terdampak Gempa Dipercepat
58,Kementan Klaim Naikkan Mutu Karet 220 Ribu Ton pada 2018
59,"Kasus SPAM, KPK Periksa Dua Pegawai Ditjen Cipta Karya PUPR"
60,Perumda Putar Otak Usai PUPR Batal Bangun Rusun Pasar Minggu
61,PUPR Fokus Rampungkan Proyek Jalan Pulau Terluar pada 2019
62,Eks Penasihat KPK Cium Keanehan Teror Cuma ke Dua Pimpinan
63,Pemprov DKI Pegang Pengelolaan Transportasi Umum Jabodetabek
64,Kepala BNPB Doni Monardo Langsung Rapat Penanganan Bencana
65,Beda Pembangunan Infrastruktur Era Soeharto Hingga Jokowi
66,Jokowi Kaji Bentuk Lembaga Baru Urus Transportasi Jabodetabek
67,Habiburokhman: Debat Perdana Akan Berat untuk Jokowi
68,Jokowi: Indonesia Rugi Rp65 Triliun Gara-gara Macet
69,Kronologi Kisruh Bank Dunia Kritik Infrastruktur Jokowi
70,"Aher Mangkir Tanpa Penjelasan, Sumarsono Minta Jadwal Ulang"
71,Pengusaha Amini Kritik Bank Dunia ke Jokowi
72,Sri Mulyani Akui Bahas Laporan 'Pedas' Bank Dunia
73,Respons Para Menteri Jokowi soal Kritik Pedas Bank Dunia
74,"Beli Karet Campuran Aspal, Pemerintah Siapkan Dana Rp20 M"
75,Bank Dunia Akui Laporan Infrastruktur Jokowi Belum Final
76,KPK Agendakan Periksa Aher hingga Soni Sumarsono Hari Ini
77,"Flyover Kemayoran Retak, Pengelola Janji Perbaiki Malam Ini"
78,"Dilarang KPU, Jokowi Ganti Hadiah Sepeda dengan Foto Bersama"
79,"Suap Proyek Air Minum, KPK Periksa Anak Buah Menteri PUPR"
80,"Geledah Ditjen Cipta Karya PUPR, KPK Sita Dokumen Proyek"
81,KPK Bidik Pejabat Kementerian PUPR soal Suap Proyek Air Minum
82,"Perbaikan Flyover Cengkareng Diperpanjang, Dibuka 7 Januari"
83,"Gempa Magnitudo 4,6 di Ambon, Tak Berpotensi Tsunami"
84,BPN Tegaskan Bangun Jalan Tol Tanpa Utang Bisa Dilakukan
85,PUPR Rampungkan 190 Hunian Sementara Korban Gempa Sulteng
86,"Kritisi Infrastruktur Jokowi, Sandi Gunakan Data Bank Dunia"
87,"KPK Sita Rp1,2 M dari Rumah Tersangka Penyuap Proyek SPAM"
88,KPK Geledah Rumah Pejabat PUPR hingga Petinggi PT WKE
89,Jokowi Beri Tenggat Relokasi Pesisir Lampung Tiga Bulan
90,"Dampak Tsunami, Jokowi Ingin Warga Pesisir Lampung Direlokasi"
91,"Usai Tsunami Selat Sunda, Jokowi Minta Kawasan Pesisir Ditata"
92,PUPR Klaim Tol Trans Jawa Bikin Arus Mudik Natal Lancar
93,"Prihatin Kasus Suap PUPR, Sandi Ingin Sentuh Akhlak Birokrat"
94,"Dalami Kasus Suap SPAM, KPK Geledah Kantor Kementerian PUPR"
95,111 IKM Dapat Diskon Peremajaan Mesin Produksi Rp11 Miliar
96,Rumah bagi Orang Miskin Tetap Jadi Prioritas PUPR di 2019
97,Prabowo: 2025 RI Krisis Air Bersih dan BBM Impor 100 Persen
98,PUPR Kaji Setop Kontrak Perusahaan Penyuap Proyek Air Minum
99,Pengelolaan Sampah dan Air Limbah Dorong Kemajuan Bangsa
100,PDIP Dukung Wacana Borgol Tahanan Korupsi
101,KPK Tahan 8 Tersangka Suap Proyek Air Minum PUPR
102,Kronologi OTT Dugaan Suap Proyek Air Minum
103,KPK Kaji Pemberatan Hukum Tersangka Suap Proyek Air Minum
104,KPK Tetapkan Delapan Tersangka Kasus Korupsi Proyek Air Minum
105,KPK Sita Miliaran Rupiah dalam OTT Proyek Air untuk Bencana
106,VIDEO: KPK Tangkap Pejabat PUPR karena Kasus Proyek Air Minum
107,KPK: Banyak Proyek Air Minum Terkait OTT Pejabat PUPR
108,"Sambangi KPK, Irjen PUPR Pulang 'Tangan Kosong'"
109,Menteri Basuki: Celah Korupsi dari Proses Pengadaan Barang
110,"OTT Pejabat PUPR, KPK Usut Relasi Proyek Air Minum Bencana"
111,"Anak Buah Diciduk, Irjen Kementerian PUPR Sambangi KPK"
112,Menteri PUPR Timbang Beri Bantuan Hukum Pejabat Terciduk KPK
113,KPK: 20 Orang Diciduk dalam OTT Pejabat Kementerian PUPR
114,KPK Sita Dolar Singapura Saat OTT Pejabat Kementerian PUPR
115,Pejabat PUPR yang Dicokok KPK Pegawai Ditjen Cipta Karya
116,KPK Tangkap Tangan Pejabat Kementerian PUPR
117,Ketua DPRD Jambi dan 11 Anggota Jadi Tersangka Suap Zumi Zola
118,"Tanggapi Presiden, Anies Sebut DKI Genjot Pembebasan Lahan"
119,PUPR Dirikan Politeknik PU untuk Bina Tenaga Konstruksi
120,"Akhir Tahun, Serapan Anggaran PUPR Baru Mencapai 88 Persen"
121,Pemerintah Bakal Bangun Rumah Korban Tsunami Selat Sunda
122,"Flyover Cengkareng Retak, Anies Minta PUPR Cek Semua Flyover"
123,PUPR Sebut Perbaikan Flyover Cengkareng Butuh Waktu 14 Hari
124,VIDEO: Perbaikan Flyover Cengkareng Diprediksi Dua Pekan
125,"Flyover Cengkareng Retak, Polisi Alihkan Arus Lalu Lintas"
126,Flyover Cengkareng Retak Ditutup sampai 31 Desember
127,PUPR Perbaiki Retakan Flyover Cengkareng
128,Perilaku Ini Buktikan Masyarakat Sadar akan Lingkungan Sehat
129,Bank Penyalur Kredit Rumah Bersubsidi Dipangkas di 2019
130,Menteri PUPR Minta Bantuan Menkeu Bebaskan Lahan Bendungan
131,Jokowi Ingin Anies Lebarkan Sungai Ciliwung hingga 60 Meter
132,Dua Bendungan Proyek Jokowi Terganjal Soal Pembayaran Lahan
133,Relokasi Diwacanakan di Pesisir Lampung Terdampak Tsunami
134,Korban Tewas Tsunami Selat Sunda Dapat Santunan Rp15 Juta
135,PLN Perbaiki 256 Gardu Listrik di Wilayah Terdampak Tsunami
136,"Tol Pandaan-Malang Baru Dibuka, 26 Ribu Kendaraan Melintas"
137,Kedatangan Jokowi dan Gembira Sesaat Korban Tsunami Banten
138,Menteri PUPR: Infrastruktur Tak Banyak Terdampak Tsunami
139,Jasa Marga Gratiskan Tujuh Tol Saat Libur Natal-Tahun Baru
140,Peran Penting Tokoh Masyarakat dalam Perkembangan Sanitasi
141,"Tsunami Selat Sunda, Jokowi Imbau Waspada Isu Menyesatkan"
142,JK Nyatakan Penanganan Tsunami Selat Sunda Bisa lewat Darat
143,"Pembiayaan Proyek dari Sukuk Melejit 34,36 Persen"
144,"Pembiayaan Proyek SBSN 2019 Dipatok Rp28,42 Triliun"
145,KPK Periksa Bupati Pakpak Bharat Terkait Suap Proyek Jalan
146,Pembangunan Ribuan Hunian Korban Gempa Lombok Berjalan Lambat
147,Perilaku Hidup Bersih dan Sehat Menopang Pariwisata Daerah
148,Billy Sindoro Bantah Bahas Meikarta di Rumah Bupati Bekasi
149,Pejabat Jabar Era Aher Dapat Sin$90 Ribu Terkait Meikarta
150,Lippo Cikarang Ikut Didakwa Suap Bupati Bekasi Demi Meikarta
151,Menpar Prediksi Pariwisata Jadi Penghasil Devisa Terbesar
152,Empat Petinggi Waskita Karya Dicegah ke Luar Negeri
153,Pemerintah Rilis Program Hibah Jalan Daerah Rp15 Triliun
154,Tol Palembang-Lampung Diperkirakan Terhubung Juni 2019
155,Jokowi Sebut Riau Paling Untung saat Tol Trans Sumatera Kelar
156,Tol Pertama di Aceh Ditargetkan Rampung 2021
157,KPK Tetapkan Penyuap Bupati Pakpak Bharat Tersangka
158,Aturan Urun Dana Beli Saham Rilis Paling Lambat Januari 2019
159,"PUPR Sudah Lelang Proyek Senilai Rp27,55 Triliun"
160,Jembatan Penghubung Padang-Bukittinggi Dibangun Maret 2019
161,Peran Perempuan dalam Perubahan Perilaku Hidup Bersih
162,Moeldoko Minta Pemda Bantu Pertahankan Lahan Pertanian
163,PUPR: 120 Hunian Sementara Siap Dihuni Korban Gempa Palu
164,Ombudsman Sebut Empat Kementerian 'Kurang Patuh'
165,Beban Berat APBN Demi Milenial Punya Rumah
166,Sri Mulyani: 10 Proyek Infrastruktur Skema KPBU Dimulai 2019
167,Dua Kementerian Lakukan Lelang Dini Kebut Serapan Anggaran
168,Jokowi Gelontorkan Anggaran Pendidikan Nyaris Rp500 T di 2019
169,KPK Periksa Tiga Pimpinan DPRD Kabupaten Bekasi soal Meikarta
170,Kemenpar Berencana Bangun Lokasi Karavan di Jalur Trans Jawa
171,Menhub Akan Jajal Tol Jakarta-Surabaya Pekan Depan
172,Adik Zulhas Sidang Perdana Dugaan Korupsi Pekan Depan
173,"Mulai 2019, Milenial Bisa Cicil KPR Subsidi Tanpa Syarat Gaji"
174,BUMN Bangun Rusun Dekat Stasiun Harga Rp250 Juta di Tangsel
175,Curhat Menteri Basuki soal Rumah Bakal Kena Gusur Proyek Tol
176,"Jokowi Kucurkan Rp12,6 T untuk Papua dan Papua Barat di 2019"
177,Kemitraan Pemda Kelola Sampah Jadi Kunci Warga Sejahtera
178,KPK Beri Perhatian Khusus ke Anggaran Infrastruktur Jokowi
179,DPD Curiga Pembunuhan di Nduga Akibat Kecemburuan Sosial
180,Menteri Basuki Tegaskan Korban Penembakan Nduga Bukan TNI
181,PUPR Beri Penghargaan Daerah Inovatif Pembangun Infrastruktur
182,"Segera Diadili, KPK Titipkan Adik Zulhas di Lapas Lampung"
183,Program Sejuta Rumah ala Jokowi Akhirnya Tercapai Juga
184,Sri Mulyani Proyeksi Belanja Modal Tahun Ini Negatif
185,Kemenpar Sabet Penghargaan di Ajang Media Humas 2018
186,TPNPB Tak Restui Rezim Jokowi Bangun Infrastruktur di Papua
187,"Dijaga Aparat, WIKA dan PTPP Tetap Garap Proyek di Papua"
188,"Basuki Hadimuljono, Anak Tentara yang Jadi 'Daendels' Jokowi"
189,VIDEO: Sehari Bersama Menteri PUPR Basuki Hadimuljono
190,"Antisipasi Ancaman Terorisme, Kemhub Bangun Posko Terpadu"
191,Pengelolaan Sampah Turut Majukan Pendidikan Indonesia
192,PUPR Minta Asosiasi Jalan Tol Tentukan Tarif Tol Trans Jawa
193,Empat Korban Penembakan di Papua Kembali Dievakuasi
194,"Tahun Depan, Jokowi Minta Seluruh K/L Punya Program SDM"
195,Kodam Cendrawasih Pastikan Situasi di Nduga Sudah Terkendali
196,Kementerian PUPR Pastikan Satu Pegawai Ditahan KKB Papua
197,"Gratis, Empat Ruas Tol Trans-Jawa Bakal Dibuka Sebelum Natal"
198,Komnas HAM Minta Insiden Nduga Diusut Sesuai Koridor Hukum
199,"Instruksi Jokowi: Tangkap Pelaku, Trans Papua Harus Selesai"
200,Menteri PUPR: Pembangunan di Daerah Rawan Selalu Libatkan TNI
201,Aparat TNI-Polri Jaga Titik Rawan di Infrastruktur Papua
202,Pembangunan di Papua Tetap Jalan dengan Pengawalan TNI-Polri
203,Anies Sebut Penurunan Tanah Jakarta Akibat Penyedotan Air
204,DPR akan Panggil PUPR soal Infrastruktur dan Penembakan Papua
205,"Basuki: Demi Keadilan, Pembangunan di Papua Tak Akan Berhenti"
206,Wiranto Pastikan Proyek Trans Papua Tetap Berlanjut
207,"Insiden Penembakan, Uraian Fakta Proyek Jembatan di Papua"
208,Perusahaan Sebut Korban Pembunuhan di Papua Asal Sulawesi
209,"Trans Papua, Proyek Ambisi Jokowi di Indonesia Timur"
210,"Buntut Pembunuhan, Proyek Jembatan Trans Papua Dihentikan"
211,Aparat Evakuasi Puluhan Pekerja Korban Pembunuhan di Papua
212,Kemenhub Ingin Tiru Sistem Buka Tutup Gerbang Tol Korsel
213,"Mangkir, KPK Jadwal Ulang Pemeriksaan Wakil Ketua DPRD Bekasi"
214,Menteri PUPR Pelajari Teknologi Jepang Perpanjang Usia Dam
215,KPK Panggil Anggota DPRD PDIP Waras Wasisto di Kasus Meikarta
216,Jokowi Bahagia Tuntaskan Tol yang 21 Tahun Mangkrak
217,Tol Bocimi Sesi 1 Pangkas Waktu Tempuh Ciawi-Cigombong
218,"Akibat Gempa dan Tsunami, 17 Ribu Rumah Rusak di Donggala"
219,Solusi Mengubah Sampah Menjadi Sumber Pendapatan Warga
220,Solusi Mengubah Sampah Menjadi Sumber Pendapatan Warga
221,"Pengelolaan Limbah Komunal, Bebaskan Lingkungan dari Pencemar"
222,"Kasus Suap Meikarta, KPK Panggil Sekda Jabar"
223,"Jalan Tol Sragen-Ngawi Beroperasi, Tarif Dibanderol Rp55 Ribu"
224,Pemerintah Serap 150 ribu Ton Karet Petani Sumsel Untuk Aspal
225,"Kasus Suap Meikarta, KPK Panggil Dirut PT Star Pacific"
226,Jokowi Minta Pembangunan Landas Pacu Bandara Soetta Dikebut
227,Jalur Puncak Bogor Dilebarkan demi Kurangi Kemacetan
228,Rini Beri Sinyal Anak-anak Usaha BUMN Batal IPO Tahun Ini
229,Jokowi Bakal Resmikan Tol Sragen-Ngawi Pekan Ini
230,Sampah & Limbah Bisa Jadi Sumber Manfaat Masyarakat
231,Pemerintah Serahkan Rusun Rp266 Miliar ke Pemda
232,"Harga Anjlok, Pemerintah Beli Karet Petani untuk Aspal Jalan"
233,"KPK Lengkapi Berkas Perkara, Adik Zulhas Disidang di Lampung"
234,Anies Akan Manfaatkan Pulau Reklamasi untuk Kampung Nelayan
235,Tol Jakarta-Surabaya Dioperasikan untuk Mudik Natal Gratis
236,Tanggul Pantai untuk Cegah Banjir Rob Jakarta Rampung 2020
237,"Soal Air Laut Akan Sampai HI, Anies Mengaku Siapkan Program"
238,"Jakarta Bisa Tenggelam, Menteri PUPR Dorong Bangun Tanggul"
239,Nias Ditunjuk Sebagai Tuan Rumah Sail Indonesia 2019
240,Sepuluh Jenis Kayu dan Tukang Tuo demi Perbaikan Rumah Gadang
241,"Kasus Suap Meikarta, KPK Panggil Wakil Bupati Bekasi"
242,Pemerintah Rampungkan Pembangunan Bendungan Mila di Sumbawa
243,KPK Sita Rp55 Juta dari Kantor Bupati Pakpak Bharat
244,PUPR dengan Belanda Evaluasi Pembangunan Tanggul Raksasa
245,Kondisi Keuangan 99 PDAM Tak Sehat
246,PII Jamin 17 Proyek Senilai Total Rp36 Triliun
247,Jokowi Tak Intervensi Kasus Korupsi Bupati Pakpak Bharat
248,Sekda Pakpak Bharat Ditunjuk Gantikan Posisi Bupati Remigo
249,Demokrat Pecat Remigo Usai Jadi Tersangka Suap
250,KPK Usut Dugaan Uang Bupati Pakpak Bharat ke Polda Sumut
251,Polda Sumut Sudah Hentikan Kasus Istri Bupati Pakpak Bharat
252,"Bupati Pakpak Bharat, Kepala Daerah ke-104 yang 'Digarap' KPK"
253,Bupati Remigo Diduga Pakai Uang Suap buat Amankan Kasus Istri
254,Kronologi OTT Bupati Pakpak Bharat
255,Bupati Pakpak Bharat Tersangka Suap Proyek Dinas PUPR
256,Warga Korban Gempa Lombok Keluhkan Bantuan Mandek
257,Jokowi Bandingkan Monumen Kapsul Waktu dengan Markas Avengers
258,"Kasus Meikarta, KPK Periksa Direktur Lippo Cikarang"
259,KPK Titipkan Bupati Nonaktif Labuhanbatu ke Rutan Medan
260,JK Minta Rekonstruksi Palu Pascagempa Dimulai Januari 2019
261,KPK Duga Sejumlah Dokumen Izin Proyek Meikarta 'Backdate'
262,"Transaksi Uang Elektronik Naik Empat Kali Lipat Jadi Rp31,6 T"
263,"Bangun Hunian Sementara di Palu, PUPR Akui Kekurangan Lahan"
264,"Longsor Dibersihkan, Jalur Cianjur-Bandung Masih Lumpuh"
265,Sri Mulyani Masih Kaji Rencana Pembiayaan Rumah Murah ASN
266,Tarif Tol Pejagan-Pemalang Mulai Rp1.000 per Kilometer
267,KPK Sita Tanah Adik Zulhas Senilai Rp6 Miliar
268,Ruas Tol Jakarta-Surabaya Ditargetkan Berfungsi Saat Natal
269,"Resmikan Ruas Tol Pejagan-Pemalang, Jokowi Harap Ekonomi Rata"
270,Menteri Basuki Ingin Sebagian Wisma Atlet untuk PNS PUPR
271,Menko Puan Minta Kebijakan Rumah ASN dan TNI Tak Dipolitisasi
272,Pemerintah Manfaatkan Tanah Negara untuk Rumah Murah PNS
273,"Suap Meikarta, KPK Sebut Terkait Kepentingan Lippo Group"
274,"Jokowi Jamin TNI, Polri, dan ASN Bisa Dapat Rumah Murah"
275,Bupati Bekasi Kembalikan Rp3 M ke KPK Terkait Izin Meikarta
276,Bupati Labuhanbatu Akui Terima Suap Rp40 Miliar
277,Billy Sindoro Bantah Pernah Bahas Suap dengan Bupati Bekasi
278,Pemkot Padang Tanggap Darurat Banjir Selama Tujuh Hari
279,Tol Salatiga-Kartasura Bisa untuk Mudik Natal dan Tahun Baru
280,KPK Duga Adik Zulhas Gunakan Uang Korupsi untuk Acara PAN
281,"Kasus Meikarta, KPK Periksa Dua Direktur Keuangan Lippo"
282,Jokowi Perintahkan Sertifikasi Pekerja Konstruksi Dikebut
283,Paripurna DPR Pengesahan APBN 2019 Banyak Kursi Kosong
284,"Mengaku Bersalah, Zumi Zola Minta Hakim Kabulkan JC"
285,Masyarakat Yakin Penghapusan Tarif Suramadu Dorong Investasi
286,PUPR: RAPBN 2019 Memuat Biaya Perawatan Suramadu
287,Menteri Basuki 'Satukan' Keluarga Lewat Masakan Jawa
288,Hari Ini Jokowi Gratiskan Tarif Tol Jembatan Suramadu
289,KPK Ungkap Tarif Jabatan Terkait Suap Bupati Cirebon
290,Bupati Cirebon Bantah Terima Suap
291,Wiranto Sebut Masa Tanggap Darurat di Palu Berakhir Besok
292,Bupati dan Pejabat Kabupaten Cirebon Jadi Tersangka Suap
293,KPK Masih Selidiki Keterlibatan James Riyadi di Suap Meikarta
294,KPK Periksa Dokter RS Pondok Indah Terkait Adik Zulhas
295,Ribuan Kasus Sengketa Tanah Masih Menggantung
296,Menteri PUPR Sebut Lapindo Bayar Dana Talangan Usai Putusan
297,KPK Perpanjang Masa Tahanan Adik Zulkifli Hasan
298,"Menkes Sebut Angka Stunting pada Balita Turun 30,8 Persen"
299,Petinggi RS Siloam Diperiksa Terkait Suap Proyek Meikarta
300,Capaian Infrastruktur Jokowi Selama 4 Tahun Memerintah
301,PUPR Soal RUU Pertanahan: Daftar Masalah Belum Solid
302,Pemerintah Bakal Bangun Rumah 'Instan' Tahan Gempa di Palu
303,BMKG Pasang 20 Sensor Gempa di Sulawesi Tengah
304,"Terjerat Kasus Suap Meikarta, Bupati Bekasi Minta Maaf"
305,"BP Tapera akan Cairkan Rp2,5 T untuk Modal Awal pada 2018"
306,Persiapan Program Tabungan Perumahan Rakyat belum Beres
307,KPK Periksa Silang Para Tersangka Suap Proyek Meikarta
308,Pengembang Akui Bisnis Properti Rawan Suap
309,Kementerian PUPR Yakin Program Sejuta Rumah Lampaui Target
310,Jurkam Prabowo Duga Suap Meikarta Ada Kaitan ke Timses Jokowi
311,Ridwan Kamil Kaji Ulang Proyek Meikarta
312,Kesaksian James Riady soal Suap Meikarta Akan Dikorek KPK
313,Sofyan Djalil: Persetujuan Izin Meikarta 84 Hektare
314,KPK Sita Tanah dan Speedboat Adik Zulhas Terkait Cuci Uang
315,KPK Tetapkan Adik Zulhas Tersangka Cuci Uang Rp57 Miliar
316,Kementerian ATR: Meikarta Sempat Tak Penuhi Aturan Tata Ruang
317,Denny Indrayana Minta Maaf ke KPK soal Nasib Proyek Meikarta
318,KPK Sita Dokumen Rencana Proyek Meikarta di Rumah Bos Lippo
319,"Kasus Suap Meikarta, KPK Geledah Kantor Lippo Cikarang"
320,KPK: Bupati Bekasi Sedang Hamil Empat Bulan
321,KPK Sita Rupiah dan Yuan dari Rumah Bupati Bekasi
322,KPK Tak Akan Campur Tangan Kelanjutan Proyek Meikarta
323,"PUPR: Kontrak Tiga Bendungan Bernilai Rp8,44 Triliun Dimulai"
324,Kasus Suap Meikarta dan Dilema Perizinan di Indonesia
325,Geliat Proyek Meikarta Usai OTT Bos Lippo dan Bupati Bekasi
326,"Kode Suap Meikarta: Tina Toon, Susi hingga Babe"
327,"Geledah Rumah James Riady, KPK Cari Bukti Suap Meikarta"
328,"Kasus Meikarta, KPK Geledah Rumah Bos Lippo Group James Riady"
329,"Rutan Penuh, KPK Titipkan Bos Lippo di Polda Metro Jaya"
330,"'Babe', Kode Lain dalam Kasus Suap Proyek Meikarta"
331,KPK Geledah Rumah Bos Lippo Cari Bukti Suap Meikarta
332,"Progres Capai 93 Persen, Tol Semarang-Batang Siap Beroperasi"
333,"Kasus Suap Meikarta, KPK Geledah Kantor PT Lippo Karawaci"
334,"Sampai September, Pencairan Utang Pemerintah Turun 25 Persen"
335,"Hingga September 2018, Kantong Negara Terisi Rp1.312 Triliun"
336,"Hutama Karya Garap Tol Palembang-Bengkulu Senilai Rp30,8 T"
337,Hunian Korban Gempa Palu Bisa Jadi Peluang Bisnis Baja
338,Dugaan Suap Bupati Bekasi Harus Jadi Peringatan Jawa Barat
339,KPK Siap Periksa Lippo Group Terkait Suap Meikarta
340,Bupati Bekasi Neneng Hasanah Ditahan KPK
341,Menko Darmin Sebut Logistik 'Acak-acak' Kesiapan B20
342,"Benahi Palu, Pemerintah Tak Tutup Opsi Pinjaman Asing"
343,KPK Sita BMW Pejabat Bekasi Tersangka Suap Izin Meikarta
344,"Peluru Nyasar DPR, Masinton Usul Lapangan Tembak Dipindahkan"
345,"Kementerian PUPR Tarik Pinjaman Bank Dunia Rp1,9 Triliun"
346,"Terjerat Suap, Bupati Bekasi Dicopot dari Tim Kampanye Jokowi"
347,Proyek Meikarta Sempat Dibahas Komisi II Agar Patuh Aturan
348,Bos Lippo Billy Sindoro Ditahan KPK Terkait Suap Meikarta
349,Anak Usaha Lippo Siap Bantu KPK Usut Suap Proyek Meikarta
350,Jokowi Ingin Seluruh Provinsi Ramah untuk Kaum Difabel
351,"Terima Suap Sin$90 Ribu, Pejabat Bekasi Menyerahkan Diri"
352,"Hindari OTT, Menteri Basuki Minta Bawahan Bekerja Profesional"
353,DPRD Jawa Tengah Tolak Pembangunan Tol Bawen-Yogya
354,"Terjerat Suap Meikarta, Bupati Bekasi Punya Harta Rp73,4 M"
355,KPK Tahan Enam Tersangka Suap Proyek Meikarta Secara Terpisah
356,Golkar Nonaktifkan Bupati Bekasi yang Terjerat Suap Meikarta
357,"Bangun Kota Palu Baru, Pemerintah Siapkan Rp6 Triliun"
358,"OTT Suap Meikarta, KPK Sebut Satu Tersangka Sempat Lolos"
359,"Ditangkap KPK, Bupati Bekasi dan Bos Lippo Group Bungkam"
360,Kronologi KPK Ungkap Suap Perizinan Meikarta
361,KPK Sebut Tersangka Suap Meikarta Pakai Samaran Tina Toon
362,Lippo Group Siapkan Rp13 M untuk Loloskan Izin Meikarta
363,Bupati Bekasi dan Bos Lippo Group Tersangka Suap Meikarta
364,Lippo Suap Rp7 M Pejabat Bekasi untuk 774 Ha Proyek Meikarta
365,PUPR: Jalan Tol Layang Jakarta-Cikampek Rampung Maret 2019
366,Pemerintah Pangkas Syarat Bantuan Rumah Korban Gempa Lombok
367,Wiranto Bantah Tolak Relawan Asing di Sulawesi Tengah
368,KPK: OTT di Bekasi Terkait Izin Proyek Meikarta
369,Hajatan IMF-World Bank Pacu Roda Ekonomi Banyuwangi
370,OTT KPK di Kabupaten Bekasi terkait Izin Properti
371,"OTT di Kabupaten Bekasi, KPK Amankan 10 Orang"
372,PUPR: 13 Ruas Tol Baru Siap Beroperasi Sampai Akhir Tahun Ini
373,ESDM Sebut Pasokan Energi di Palu Belum 100 Persen Pulih
374,"Geledah Rumah Bupati Malang, KPK Sita Uang Sin$15 Ribu"
375,"PT NKE Didakwa Rugikan Keuangan Negara Rp25,9 Miliar"
376,53 Proyek Berpotensi Dicoret dari Proyek Strategis Nasional
377,PTPP Tawarkan Delapan Proyek Infrastruktur dalam Forum IMF-WB
378,KPK Usut Aset Adik Zulkifli Hasan Terkait Suap Proyek Lamsel
379,KPK Periksa Bos 9 Naga Emas soal Kasus Suap Adik Ketua MPR
380,Jurkam Jokowi Sebut Hajatan IMF di Bali Usulan Rezim SBY
381,BNPB: Air Bersih Dijatah untuk Warga Korban Gempa Palu
382,Kemkeu Buat Badan Baru Tampung Dana Pembangunan Berkelanjutan
383,"Mobil Terbakar di Tol Cipali, Anies Baswedan Urus Jenazah"
384,"Bank Dunia akan Kucurkan Utang Rp13,86 T untuk Enam Proyek RI"
385,Palu dan Donggala Diproyeksikan Pulih dalam 2 Tahun
386,'Harta Karun' di Balik Pertemuan IMF-World Bank di Bali
387,"Besok, JK Kunjungi Korban Gempa Palu"
388,KPK Dikabarkan OTT di Pasuruan
389,"Jembatan Kuning, 'Warisan' SBY yang Kini Tergerus Tsunami"
390,BPJT: Integrasi Tarif JORR Bisa Tekan Income Pengusaha Tol
391,Pemerintah Bentuk Pusat Logistik Peralatan Penanganan Gempa
392,Jokowi Kembali Tengok Korban Gempa-Tsunami Sulteng Hari Ini
393,"Tak Dapat Proyek, 30 Kontraktor Asing Tutup"
394,Pemerintah Susun Inpres Penanganan Gempa-Tsunami Sulteng
395,"Gempa Palu, PUPR Minta Kontraktor Bantu Mobilisasi Alat Berat"
396,"Gempa Palu, Nilai Bangunan yang Diasuransikan Rp2,3 Triliun"
397,Jokowi soal Bencana Nasional: Yang Penting Penanganan Cepat
398,"Rurang Mural, Solusi Bali Mempercantik Gang di Perkotaan"
399,Sri Mulyani Cairkan Rp560 M untuk Gempa Donggala dan Palu
400,Ironi Negara Maritim Kesulitan Deteksi Tsunami
401,"Warga Demo Korem, Minta Bantuan Dikirim ke Tenda Pengungsian"
402,Kementerian PUPR Kirim Alat Berat dan Sanitasi ke Palu
403,Persiapan Asian Para Games 2018 di GBK Tertahan
404,"Terima Suap, Bupati Halmahera Timur Divonis 4,5 Tahun Penjara"
405,PII Fokus Penjaminan Proyek Jalan dan Perhubungan Tahun Depan
406,"Penyatuan Tarif Tol JORR, Bintaro-Pondok Aren Tetap Rp3 Ribu"
407,"Kementerian PUPR Cari 1000 CPNS, 10% Jatah Bagi Cum Laude"
408,"Cegah Kecelakaan, PUPR Uji Sertifikasi Operator Alat Berat"
409,Pemerintah Undang Masuk Investor Spanyol Bidang Infrastruktur
410,Kemenpar Akan Gelar Rakornas Investasi Pariwisata
411,Cerita dari Perbatasan: Tembang Via Vallen di Batas Negara
412,Underpass Simpang Tugu Ngurah Rai Bali Resmi Dibuka
413,Tarif Toll JORR Jauh Dekat Rp15 Ribu Berlaku 29 September
414,Tarif Tol JORR Jauh Dekat Rp15 Ribu Tak Berlaku Besok
415,Jokowi Bentuk Tim Peningkatan Penggunaan Produksi Domestik
416,India dan Nepal Disebut 'Kepincut' Program Dana Desa Jokowi
417,Daftar Kementerian yang Paling Banyak Diincar dalam CPNS
418,Korban Lumpur Lapindo Sebut Ada Oknum BPLS Minta Imbalan
419,Konstruksi Jalan Jayapura-Wamena Rampung Akhir 2018
420,"Pascagempa, Pariwisata NTB Dipastikan Segera Pulih"
421,Menteri PUPR Jamin Tak Ada Kenaikan 'Terselubung' Tarif Tol
422,Duit Suap 'Ketuk Palu' RAPBD Jambi dari Zumi Zola Pakai Kode
423,"Tol JORR 2 Beroperasi 2019, Distribusi Diklaim Lebih Lancar"
424,"Akhir September, Pengintegrasian tarif Tol JORR Diberlakukan"
425,Darmin Sebut Penundaan Proyek Strategis Bergantung Kebutuhan
426,DKI dan Kemenhub Terbanyak Pekerjakan PNS Terpidana Korupsi
427,"Soal Alih Fungsi Wisma Atlet, Anies Duduk Bersama Kementerian"
428,BNPB Sebut Total Kerugian Gempa Lombok Capai Rp12 Triliun
429,Proyek Strategis yang Sedot Banyak Impor Ditunda Tiga Tahun
430,Warga Bukit Duri Gusuran Ahok Kembali Digugat
431,Kementerian PUPR Bangun 134 Jembatan Gantung di Tahun Ini
432,#PesonaAsianParaGames2018 Makin Meriahkan Kirab Obor
433,"Kementerian PUPR Dapat Tambahan Anggaran Rp8,71 Triliun"
434,Zumi Zola Akui Terima Uang untuk Umrah dan Pemenangan Adiknya
435,"Zumi Disebut Minta Kepala Dinasnya Total, Royal, dan Loyal"
436,PUPR Rampungkan 26 Proyek Strategis Nasional Akhir Tahun Ini
437,"Kekeringan, Bendungan Jatigede Tetap Suplai Air Irigasi"
438,Proyek Infrastruktur yang Dibiayai APBN Tak Akan Ditunda
439,Anies Godok Alih Fungsi Wisma Atlet Kemayoran Jadi Rusun
440,"Mengenal RISHA, Teknologi Rumah Tahan Gempa"
441,Jokowi Ingin Rumah Korban Gempa Berdiri Sebelum Musim Hujan
442,Pemerintah Alokasikan Rp210 M untuk Bonus Atlet Asian Games
443,Jokowi Pilih Sambangi Lombok saat Penutupan Asian Games 2018
444,Bantuan Tahap Pertama Korban Rumah Gempa Lombok Rp10 Juta
445,Rehabilitasi NTB Akibat Gempa Lombok Bakal Dipercepat
446,Pinjaman Bank Infrastruktur Asia Bakal Mengalir ke Swasta
447,40 Tempat Parkir Disediakan untuk Penutupan Asian Games 2018
448,Pemerintah Cuma Beri Rumah Tanpa Tanah Pemenang Asian Games
449,"Bank Infrastruktur Asia Beri RI Jatah Pinjaman Rp14,6 Triliun"
450,"Lihat Rekam Jejak Aljazair, Namibia Tunjuk WIKA Bangun Rumah"
451,Azis Syamsuddin Bantah Suap Dana Perimbangan Mengalir ke DPR
452,BNPB Klaim 12 Ribu Korban Gempa Lombok Terima Dana Stimulan
453,Pemerintah Cari Mahasiswa Teknik untuk Bangun Rumah Warga NTB
454,"Kasus Suap, KPK Cecar Adik Hatta Rajasa soal Kerja Komisi XI"
455,Inpres Jokowi Kerahkan 19 Menteri Rehabilitasi Lombok
456,Dahaga para Korban Gempa Lombok akan Air Bersih
457,Masa Keemasan Emiten Konstruksi Memudar
458,Sri Mulyani Cairkan Hampir Rp1 Triliun untuk Gempa Lombok
459,PUPR Sebut Korban Gempa Lombok Dapat Penangguhan Cicilan KPR
460,KPK Periksa Proses Penganggaran Dana Perimbangan 11 Daerah
461,Tarif Akses Pelabuhan Darat Cikarang Berlaku Mulai 28 Agustus
462,"Sampai Agustus, Program Satu Juta Rumah Baru 58 Persen"
463,Romahurmuziy Dicecar Penyidik KPK soal Tupoksi Pengurus PPP
464,KPK Buka Peluang Usut Dugaan Pencucian Uang Zumi Zola
465,"Zumi Zola Didakwa Suap 'Ketok Palu' DPRD Jambi Rp16,4 Miliar"
466,Romahurmuziy Diperiksa KPK Jadi Saksi Kasus Mafia Anggaran
467,PPP Sebut Romahurmuziy Siap Diperiksa KPK Siang Ini
468,Zumi Zola Jalani Sidang Perdana di Pengadilan Tipikor Jakarta
469,"Program Tol Laut Layak Dipertahankan, Meski Perlu Evaluasi"
470,KPK Kembali Panggil Romahurmuziy Sebagai Saksi Kasus Suap
471,BNPB Pastikan Inpres Penanganan Gemba Lombok Terbit Pekan Ini
472,Kemendagri Bantah Tudingan Fahri Hamzah soal Gempa Lombok
473,Pemerintah Akan Bangun Dua KEK Pariwisata di Jawa Barat
474,Pengusaha Ancam Impor Jika RUU Sumber Air Memberatkan
475,"Sidang Suap Zumi Zola Digelar Kamis, 23 Agustus"
476,KPK Minta Ketum PPP Romahurmuziy Hadir Pemeriksaan
477,Jokowi Bakal Terbitkan Inpres Penanganan Gempa Lombok
478,"Romi Mangkir dari KPK, PPP Berdalih Kunjungan ke Jawa Tengah"
479,Penyelesaian Proyek Jembatan Bengawan Solo Dilelang
480,KPK Panggil Ketum PPP Romahurmuziy Kasus Dana Perimbangan
481,PUPR Berencana Lelang 10 Ribu Paket Pekerjaan pada 2019
482,Kementerian PUPR Tuntaskan Tahap I PLBN Entikong
483,"Jokowi Kucurkan Rp97,6 Triliun untuk Jaga Pasokan Pangan 2019"
484,"Anggaran Dipangkas, Kemendikbud Khawatir Kegiatan Terganggu"
485,KPK Tuntut Penyuap Politikus Demokrat 3 Tahun Penjara
486,"Jokowi Tambah Anggaran Infrastruktur 2,4 Persen"
487,"Defisit APBN Juli 2018 Naik Jadi 1,02 Persen dari PDB"
488,"Dalami Suap APBN-P 2018, KPK Periksa Dua Kepala Daerah"
489,PUPR Stop Proyek Kontrak Tahun Jamak Baru
490,Pemerintah Kejar Efisiensi dengan Kebijakan Satu Peta
491,Sri Mulyani Siap Kucurkan Rp4 Triliun untuk Gempa Lombok
492,Aksi Menteri Kawal Jokowi ke KPU Diklaim Dukungan Pribadi
493,Jokowi Beri Tugas Tambahan Infrastruktur untuk PUPR
494,PUPR Mulai Lelang Proyek Tahun Depan di November 2018
495,Pemerintah Kucurkan Rp10 Miliar Benahi Infrastruktur Lombok
496,Mataram Bentuk Tim Investigasi Gedung Sekolah Pasca Gempa
497,"Revaluasi Rampung Tahun Ini, Nilai Aset Negara Bakal Melesat"
498,"Berkas Lengkap, Zumi Zola Segera Diadili di Jakarta"
499,Makanan dan Selimut Jadi Kebutuhan Utama Pengungsi Gempa NTB
500,Luhut Klaim Persiapan Forum IMF-World Bank Sudah 85 Persen
501,"Buktikan Tak Ada Bau, JK Ajak Anies Makan Pisang di Kali Item"
502,Jokowi Akui Bundaran HI Lebih Sedap Dipandang Tanpa JPO
503,Anies Sebut Jokowi Penasaran Pelican Crossing
504,"Jajal Pelican Crossing, Jokowi Acungkan Jempol untuk Anies"
505,Penerbangan Kuala Lumpur-Silangit Hanya Rp100 Ribu
506,"Ditutup di Area 6.011, IHSG dan Rupiah Kompak Melemah"
507,"Minim Bahan Impor, Menteri Basuki Yakin Proyek PUPR Aman"
508,Pemprov DKI Bongkar Tiang yang Halangi Jalur Sepeda
509,"Tahun Depan, Pemerintah Bangun Lima Pasar Induk"
510,"KPK Sita Uang Rp1,4 Miliar di Rumah Politisi PPP terkait Suap"
511,Pemerintah Bangun Lima Bendungan Baru di NTB
512,Pemprov DKI Sebut Kali Item Sudah Bau Sebelum Zaman Anies
513,Ratusan Prajurit Kopassus Ikut Evakuasi Pendaki Rinjani
514,PUPR Pastikan Tak Ada Infrastruktur Rusak Usai Gempa Lombok
515,"Resmikan Bendungan Tanju, Jokowi Harap Panen di NTB Berlipat"
516,Jokowi Akan Beri Bantuan Uang Tunai untuk Korban Gempa NTB
517,Sandiaga Bicarakan IPAL untuk Atasi Kondisi Kali Item
518,KPK Sita Dokumen Keuangan Terkait Suap Adik Ketua MPR
519,TPST Seminyak Ternyata Belum Berizin
520,Sandiaga Klaim Sudah Coba Semua Cara Pulihkan Kali Item
521,KPK Geledah Rumah Pribadi Adik Zulhas Terkait Suap
522,"Status Tersangka, KPK Tahan Bupati Lampung Selatan"
523,KPK Duga Bupati Lamsel Atur Proyek di Lampung Selatan
524,Kronologi OTT KPK Terhadap Bupati Lampung Selatan
525,"Bantah Bikin Rumit, Stafsus PUPR Ingin soal Kali Item 'Clear'"
526,Bupati Lamsel Adik Zulhas Resmi Jadi Tersangka Suap
527,Anies Singgung Stafsus yang Perkeruh Penyelesaian Kali Item
528,Pewangi Akan Disemprotkan ke Kali Item untuk Kurangi Bau
529,"Suap RAPBN, KPK Geledah Rumah Politikus PAN dan Apartemen"
530,"Kali Item Tak Kunjung Jernih, Pemerintah Pusat Turun Tangan"
531,"Semester I, Laba Waskita Karya Melonjak 133 Persen"
532,Anies: Berita Kali Item Tutupi Hal Positif Jelang Asian Games
533,"Progres 74 Persen, Monumen Kapsul Waktu Rampung Oktober"
534,Pemerintah Usul Hapus Poin Keberatan Pengusaha di RUU SDA
535,"RUU Sumber Daya Air, Pengusaha Merasa Terancam"
536,"Lawan Kejahatan Transnasional, RI-PNG Perkuat Tata Perbatasan"
537,Menteri PUPR Larang BUMN Garap Proyek di Bawah Rp100 Miliar
538,KPK Paparkan Kronologi Tangkap Tangan Bupati Labuhanbatu
539,Bekas Model Steffy Terima Aliran Uang dari Gubernur Aceh
540,Belanja Barang Jadi Sasaran Efisiensi Anggaran 2019
541,Bisnis Air Mineral Kemasan Akan Diperketat
542,Rumah DP Nol Rupiah Disebut Akan Dijual Online Akhir Agustus
543,"Pangonal Harahap, Bupati Labuhanbatu Pengkritik Sukmawati"
544,"Kasus Irwandi Yusuf, Model Steffy Burase Penuhi Panggilan KPK"
545,Bupati Labuhanbatu Korban OTT KPK Punya 30 Bidang Tanah
546,"Tarik Uang, Bupati Labuhanbatu Dibekuk KPK di Bandara Soetta"
547,"OTT Bupati Labuhanbatu, KPK Sita Bukti Transaksi Ratusan Juta"
548,KPK Blokir Rekening Gubernur Aceh Terkait Suap Dana Otsus
549,Keluarga Lalu Zohri Tak Pernah Menolak Renovasi Rumah
550,Jokowi Resmikan Tol Solo-Ngawi Ruas Kartasura-Sragen
551,Geng Jambret 'Bad Boy' Jakarta Utara Incar Pasangan Pacaran
552,Menteri LHK: Freeport Masih Konsultasi Pengolahan Limbah
553,Lalu Muhammad Zohri Dapat Satu Slot CPNS
554,Fotografer yang Tertiban Skuat Kroasia Biasa Liput Perang
555,Presiden Joko Widodo Renovasi Rumah Muhammad Zohri
556,Tim Kementerian PUPR Langsung Tinjau Rumah Lalu Zohri
557,Rekor 'Manusia Tercepat Asia Tenggara' dalam Ancaman Zohri
558,"Jelang Final, Kroasia Punya Skuat Lebih Sukses dari Prancis"
559,Marcelo Diklaim Bakal Susul Ronaldo ke Juventus
560,Jokowi Instruksikan Menteri PUPR Renovasi Rumah Lalu Zohri
561,Wacana Bonus Naik Haji Bagi Atlet Berprestasi di Asian Games
562,Pemerintah Beri Bantuan Kredit Murah untuk Rumah Penginapan
563,"Marak Begal Motor, Pelaku Tak Segan Lepas Tembakan"
564,Pemerintah Tetapkan Tarif Tol Gempol-Pasuruan
565,KPK Telusuri Aliran Suap Irwandi ke Mantan Model Asal Manado
566,Penjambret di Cempaka Putih Serahkan Diri ke Polisi
567,KPK Geledah Rumah Gubernur Aceh Irwandi Yusuf
568,Sandi soal Jambret Marak: Jangan Main Gadget Saat Naik Motor
569,"Geng Oranye, Kelompok Penjahat yang Menjambret Dirjen PUPR"
570,"Kejahatan Jalanan, Kecerdikan Pelaku dan Kelengahan Aparat"
571,"Tersangka KPK Menang Pilbup Tulunggagung, Kasus Tetap Diusut"
572,"Belanja Infrastruktur Capai Rp 30,38 Triliun"
573,"Kementerian PUPR Lelang Proyek Jalan Senilai Rp2,20 Triliun"
574,"Pagu Indikatif Belanja K/L Dihemat Rp8,8 Triliun pada 2019"
575,Polda Metro Jaya Antisipasi Jambret Jelang Asian Games
576,Kapolda Metro Jaya Perintahkan Tembak Mati Begal dan Jambret
577,Polda Metro Jaya Gelar Operasi Khusus Memburu Jambret
578,"267 Proyek Jalan dan Bendungan Dibiayai Sukuk Rp13,73 Triliun"
579,KPK Tetapkan Bos PT Sharleen Raya Tersangka Suap Proyek PUPR
580,Triliunan Uang Negara Nganggur dan Seretnya Laju Ekonomi RI
581,Polisi Tembak Mati Penjambret Dirjen Bina Konstruksi PUP
582,Pemerintah Targetkan Bendungan Gondang Rampung Akhir 2018
583,"Hingga Akhir Tahun, 9 Ruas Tol Trans Jawa Bakal Diresmikan"
584,"Jelang Asian Games, Masih Ada Venue yang Belum Rampung"
585,Kementerian Kesehatan Serap Belanja Paling Tinggi
586,"Jelang Asian Games, Jokowi Tinjau Gelora Bung Karno"
587,Salah Momen Integrasi Tarif Tol JORR
588,"Penyatuan Tarif Tol JORR, PUPR Kaji Diskon untuk Jarak Dekat"
589,"PUPR: Hitung-hitungan Tarif Tol JORR, Jauh-Dekat Rp15 Ribu"
590,"Bandingkan Tragedi 'Brexit', JK Klaim Mudik 2018 Lebih Baik"
591,"Polemik Tarif Integrasi JORR, PUPR Bantah Fadli Zon"
592,Darmin: Kenaikan Tarif Tol JORR Terlalu Banyak Dikomentari
593,Polling: Mayoritas Pengendara Ogah Pakai Tol JORR Satu Tarif
594,Pemerintah Kembali Tunda Kenaikan Tarif Tol JORR
595,Fadli Zon: Kenaikan Tarif Tol JORR Hanya Memeras Rakyat
596,Ribuan Kendaraan Pemudik Berangsur Balik ke Jakarta
597,'Rest Area' di Ruas Tol Fungsional Batang-Pemalang Ditambah
598,ALI: Satu Tarif Tol JORR Tak Ampuh Pangkas Biaya Logistik
599,Pro Kontra Penyatuan Tarif Tol JORR
600,Menteri Siti Temukan Sampah oleh Pemudik di Tol
601,Menhub Sebut Jembatan Kali Kuto Dibuka Fungsional Sore Ini
602,Satu Tarif Tol JORR Urung Terlaksana Hari Ini
603,PUPR Gandeng Lemsaneg Awasi Program FLPP
604,Tarif Tol Medan-Tebing Tinggi Seksi I Gratis Sampai 22 Juni
605,Kapolda Larang Mobil Reyot Melintas di Jalur Kenteng
606,"Jalur Kenteng Macet Parah, Sistem Buka-Tutup Diterapkan"
607,Guns N' Roses Bakal Tampil di Stadion GBK November 2018
608,"PUPR Butuh Rp138,3 Triliun Bangun Infrastruktur 2019"
609,Trans Papua Barat Segera Diresmikan
610,"Tol Trans Sumatera Gratis, Pemudik Padati Jalur Bakauheni"
611,PDIP Anggap Janggal OTT Wali Kota Blitar oleh KPK
612,"Tersangka Suap, Eks Bupati Tulungagung Serahkan diri ke KPK"
613,Jalur Mudik Alternatif dari Banten ke Surabaya
614,KPK Geledah Rumah Bupati Tulungagung Nonaktif Syahri Mulyo
615,Wali Kota Blitar Samanhudi Anwar Resmi Ditahan KPK
616,"Besok, Tol Semarang Berlakukan Satu Tarif"
617,KPK Minta Wali Kota Blitar-Bupati Tulungagung Serahkan Diri
618,"Kronologi Bupati Halmahera Timur Terima Suap Rp6,3 Miliar"
619,Pemerintah Gratiskan Pintu Tol Brexit Sampai Lebaran
620,Tol Fungsional Solo-Ngawi Layak Digunakan Pemudik
621,BUJT Akui Dampak Pemberian Diskon Terhadap Pendapatan
622,Realisasi Diskon 10 Persen Ruas Tol Bergantung Kebijakan BUJT
623,KPK Periksa Wabup Terkait Suap Bupati Bengkulu Selatan
624,Zumi Zola Disebut Ajukan Diri Jadi Justice Collaborator
625,PUPR Terbitkan Surat Edaran BUMN Tak Garap Proyek Rp100 M
626,"Fungsional Saat Lebaran, Tol Pemalang- Batang Masih Gelap"
627,Jalur Mudik di Pantura Belum 100 Persen Siap
628,Jasa Marga akan Terapkan Sistem Satu Tarif untuk Tol Semarang
629,Proyek Jalan Lintas Timur Sumatra Dibidik Jalan Maret 2019
630,Jadwal dan Tarif Kereta Api Bandara Minangkabau
631,YLKI Minta Tempat Peristirahatan di Jalan Tol Diaudit
632,Pemerintah Setop Pengerjaan Jalan 10 Hari Sebelum Lebaran
633,KPK Geledah Sejumlah Lokasi Terkait Bupati Bengkulu Selatan
634,"Mudik Jakarta-Surabaya via Tol, Siapkan Rp344 Ribu di e-Toll"
635,"Pekan Depan, Komite Tetapkan Calon Komisioner BP Tapera"
636,Tarif Tol Bakal Diskon saat Mudik Lebaran 2018
637,Jokowi Soal Diskon Tarif Tol Mudik: Itu Urusan Operator
638,KPK Perpanjang Masa Penahanan Bupati Halmahera Timur
639,Sekolah dan Karyawan Tidak Libur Saat Asian Games 2018
640,"Selain Emas 1,9 Kg, KPK Sita Jeep Rubicon Bawahan Sri Mulyani"
641,Kronologi OTT Anggota DPR Amin Santono oleh KPK
642,PUPR Klaim Jumlah TKA Sektor Konstruksi Hanya 2 Ribu
643,KPK Tetapkan Bupati Mojokerto Tersangka Dua Kasus Gratifikasi
644,"Pembiayaan Proyek Infrastruktur Non-APBN Capai Rp55,6 Triliun"
645,Jokowi Soal Rupiah Nyaris Rp14 Ribu: Semua Mata Uang Melemah
646,Belanja Infrastruktur PUPR Baru 14 Persen dari Target 2018
647,"Kebut Asian Games, Sandi Ingin Jakpro Tambah Jam Kerja"
648,"Temani JK Tinjau Venue Asian Games, Sandi Telat Datang"
649,VIDEO: Mengintip Rusun Khusus Lansia
650,VIDEO: Jokowi Ledek Menteri Susi Ingin Jadi Wapres
651,Jokowi Sindir Menteri Susi Ingin Jadi Cawapres
652,Jokowi Minta Perencanaan Renovasi Banjarnegara Kelar Sebulan
653,Senyum Jokowi dan Tak Ingin Direcoki Elektabilitas Tinggi
654,Jembatan di Pantura akan Diaudit Sebelum Mudik Lebaran
655,Perbaikan Jembatan Widang Diperkirakan Rampung Sebelum Mudik
656,"Anggaran Gedung DPR Belum Cair, Fahri Sindir Pertemuan IMF"
657,Pemerintah Restui KPR FLPP untuk Program DP Rp0 Anies-Sandi
658,Polisi Selidiki Dugaan Kelalaian dalam Roboh Jembatan Widang
659,Basuki Dapat 'Lampu Hijau' Ganti 8 Proyek Bendungan Jokowi
660,"Jembatan Widang Ambruk, Menhub Siapkan Rekayasa Lalu Lintas"
661,Pemerintah Tambah Cuti Bersama Lebaran Jadi Delapan Hari
662,PUPR Pastikan Jembatan Widang Beroperasi Sebelum Lebaran
663,THR PNS Diharapkan Cair Dua Pekan Jelang Lebaran
664,Evakuasi Truk di Jembatan Tuban-Lamongan Gunakan Crane
665,VIDEO: Proses Evakuasi Korban Ambruknya Jembatan Tumaluntung
666,"Jembatan Widang Ambruk, Kerugian Materiil Capai Rp40 Miliar"
667,BPS: Upah Buruh Tani Naik Jadi Rp51.598 per Hari per Orang
668,Tol Brebes Timur-Semarang Bisa Dilintasi Saat Mudik Lebaran
669,"Jokowi Instruksikan Bangun 1,5 Juta Rumah ASN, TNI, dan Polri"
670,"Proyek Tanggul Laut Jakarta 4,5 Km Rampung Agustus 2018"
671,Mendes Klaim 15 Ribu Desa Tertinggal Sudah 'Naik Kelas'
672,Venue Menembak Belum Ditentukan Jelang Asian Para Games
673,"Bedah Rumah Masyarakat, PUPR Rogoh Rp3,2 Triliun"
674,"Anggaran DPR Rp7,7 Triliun Banyak Dihabiskan Buat Gedung Baru"
675,"Penuhi Panggilan KPK, Zumi Bungkam pada Wartawan"
676,Menteri Rini akan Buka Jalur Transportasi di Ciliwung
677,Genjot Pajak Demi Bayar Utang Negara
678,Bulan Ini Giliran Petinggi Wijaya Karya dan PTPP Diganti
679,Perusahaan Tekstil Pembuang Limbah Citarum Segera Diadili
680,Bendungan Jatibarang jadi Contoh Pembangkit Listrik Surya
681,"Kemenkeu Kaji Tambahan Anggaran Asian Games 2018 Rp1,1 T"
682,Jokowi Ungkap Alasan BUMN 'Ogah' Garap Proyek Bareng Daerah
683,Proyek Citarum Jokowi 'Sedot' Utang Jepang Rp390 Miliar
684,Proyek Mega Cita Citarum yang 'Mangkrak' di Era SBY
685,"Jadi Akses Barang ke Jakarta, Pelabuhan Ratu Berfungsi 2019"
686,KPK Kembali Panggil Zumi Zola Pekan Ini
687,BPK 'Cium' Permasalahan dalam Penetapan Tarif Tol
688,"Jamin Pasokan Air Saat Asian Games, Pemerintah Tuntaskan SPAM"
689,Pemerintah Pangkas Tarif Truk yang Melintasi 39 Ruas Tol
690,Jonan Harap Studi Pembangkit Listrik Arus Laut Segera Rampung
691,Jokowi Ingin Tarif Tol Turun untuk Kendaraan Logistik Saja
692,PDIP Sindir Partai Baru yang Usulkan Cawapres untuk Jokowi
693,Investor Minta Penurunan Tarif Tak Ganggu Bisnis Jalan Tol
694,"Konsesi Tol Diperpanjang, Pemerintah Siapkan Skema Bantuan"
695,Dua Menteri Ekonomi Bahas Dua Skema Penurunan Tarif Tol
696,"Lelang Paket Pekerjaan Kementerian PUPR Baru 60,9 Persen"
697,Komisioner BP Tapera 'Haram' dari Partai Politik
698,"Pulau Mules, Surga Surfing dan Selam di Kabupaten Manggarai"
699,PSI Usulkan AHY untuk Jabat Menteri Pertahanan
700,"Tarif Tol Turun, Pengawasan Kendaraan Berat Diperketat"
701,Jokowi: Tarif Tol Turun Akhir Bulan
702,"Tarif Tol Turun, Pemerintah Akan Kasih Keringanan Pajak BUJT"
703,"Beroperasi 2019, BP Tapera Tampung Aset Bapertarum PNS Rp12 T"
704,Pemerintah Urung Lebur Asabri dengan Bapertarum PNS
705,"Bapertarum PNS Berakhir, Seleksi Komisioner BP Tapera Dimulai"
706,Tarif Tol Bakal Turun Sebelum Lebaran
707,BUMN Karya Tak Akan Sentuh Proyek Kurang Dari Rp100 Miliar
708,Kewajiban Tambah Direktur Keselamatan Hanya untuk Waskita
709,Empat Direksi Waskita Akan 'Dipecat' Terkait Kecelakaan Kerja
710,"Terima Suap Proyek Jalan, Politikus PKS Divonis 9 Tahun"
711,"Kecelakaan Kerja, Izin Usaha Waskita Berpotensi Dibekukan"
712,Menteri PUPR Mengaku Pernah Kena Denda Pajak Rp80 Juta
713,"Penjualan Sukuk Ritel Tahun Ini Melempem Cuma Rp8,43 Triliun"
714,Niat Meriung Tarminah Berujung Maut di Pasar Rumput
715,Kementerian PUPR Bentuk Satgas Awasi Pembangunan Rumah
716,"Air Tanah, Anies dan Derita 'Karat Besi' Warga Kalideres"
717,Direksi BUMN Karya yang Dicopot Terancam Masuk Daftar Hitam
718,PUPR Minta Anies Bebaskan Bidara Cina Demi Sodetan Ciliwung
719,Pemenuhan Kebutuhan Air Jakarta dari PAM Jaya Masih 60 Persen
720,Menteri Basuki Minta Rini Segera Ganti Direksi Waskita
721,Menteri Basuki Usul Direksi BUMN Karya Kena Sanksi
722,Trans Siap Bangun The Trans Icon Rp2 Triliun di Surabaya
723,"Merasa Tertipu, Puluhan Konsumen Sipoa Grup Mengadu ke DPR"
724,"Wisata Musik, Potensi yang Diabaikan"
725,"Dugaan Korupsi Underpass Bandara, Waskita Janji Kooperatif"
726,Ruas Tol Salatiga-Kartasura Ditarget Layani Arus Mudik 2018
727,Polisi Ciduk Dua Jurnalis Diduga Cemarkan Nama Kapolda Sumut
728,Batam Bakal Bangun LRT Senilai Rp13 Triliun
729,Jokowi Tagih Detail Progres Persiapan Asian Games
730,Kementerian PUPR Studi Kelayakan Proyek Jembatan Batam-Bintan
731,Rumah Sengketa Halangi Proyek Tol Semarang-Batang
732,"Usai Evaluasi, Kemenhub Berambisi Akselerasi Proyek Elevated"
733,"Usai Waskita, Menteri BUMN Pastikan Copot BUMN Karya Lainnya"
734,Dua Proyek Preservasi Jalan Nasional Ditawarkan Berskema KPBU
735,Kementerian PUPR: 38 Proyek Jalan Layang Lolos Hasil Evaluasi
736,Pemerintah Kebut Proyek Jalan Paralel Perbatasan Kalbar
737,"Sanksi Kecelakaan Kerja, Direksi Waskita Karya Bakal Dicopot"
738,Jalan Trans Papua Barat Sepanjang 1.070 KM Resmi Tersambung
739,Bau Tak Sedap Sungai Dekat Wisma Atlet Jadi Fokus Pemprov DKI
740,"Dapat Tugas dari Jokowi, Anies Sebut 2018 Tahun Kerja"
741,Rini Bakal Ungkap Hasil Evaluasi Direksi BUMN Karya saat RUPS
742,"Raih Peluang, Saham Konstruksi Bisa Jadi 'Menu' Pekan Ini"
743,DPR Nilai Moratorium Proyek Infrastruktur Telat Dilakukan
744,"Jadi BP Tapera, Kemenkeu Jamin Saldo Bapertarum PNS"
745,Marga Mandala Klaim Penugasan Tol Merak ke Pelabuhan
746,Cerita Pekerja Proyek Infrastruktur yang Digenjot
747,"Usai Proyek Elevated, PUPR Evaluasi 32 Proyek Jalan Tol"
748,Asabri Bantah Peleburan dengan Bapertarum PNS jadi BP Tapera
749,Tol Jakarta-Cikampek Terapkan Ganjil-Genap Mulai 12 Maret
750,"Bentuk BP Tapera, Pemerintah Lebur Bapertarum PNS dan Asabri"
751,Sri Mulyani: Moratorium Proyek Baik untuk Jangka Panjang
752,Politikus PKS Yudi Widiana Dituntut 10 Tahun Penjara
753,DPR : Pengawasan SOP Proyek Jalan Layang Mendesak
754,Wiranto Minta Kecelakaan Infrastruktur Tak Dikaitkan Sabotase
755,Persatuan Insinyur: Ada Kegagalan Heavy Lifting Tol Becakayu
756,Menteri Rini: Setiap Proyek Akan Diawasi Secara Ketat
757,"Ditunda Sementara, Anies Pastikan Proyek LRT Tak Molor"
758,Pemerintah Pastikan Penanggung Jawab Proyek Kena Sanksi
759,"Evaluasi Infrastruktur, Anies Minta Proyek LRT Tak Disetop"
760,Evaluasi Proyek Infrastruktur 'Elevated' Diserahkan pada AKI
761,"Evaluasi Tragedi Infrastruktur, Proyek LRT Ikut Disetop"
762,Belum Semua Venue Asian Games di Jakarta Capai 100 Persen
763,Menteri Rini Bakal Evaluasi Kecelakaan Tol Becakayu
764,Proyek Elevated di Seluruh Indonesia Disetop Sementara
765,Polisi Periksa Saksi Ambruknya Tiang Tol Becakayu
766,Jokowi Minta Menteri PUPR Awasi Ketat Proyek Infrastruktur
767,"Proyek Ambruk, Saham Waskita Karya Melemah"
768,"Tiang Ambruk, Proyek Elevated Tol Becakayu Dihentikan"
769,Bapertarum PNS Akan Beralih Jadi BP Tapera Maret 2018
770,Pemprov DKI Batal Urunan Dana Renovasi Stadion GBK
771,Dirut GBK: Lebih Baik Pintu Rusak Ketimbang Ada Korban Jiwa
772,"Menteri Basuki: 2018, Target Bangun Rumah Hanya 900 Ribu Unit"
773,Proyek LRT Tersendat Jelang Tenggat Asian Games 2018
774,JK Respons Perusakan Stadion GBK oleh Suporter
775,"Suplai Air Mendesak, Tiga Bendungan Sulsel Dipercepat"
776,Anies: Tegur dan Laporkan Para Perusak Stadion GBK
777,"Tahun Lalu, Pembangunan Rumah Belum Tembus Satu Juta Unit"
778,KPK Dalami Dana Kontraktor Terkait Suap Bupati Mustafa
779,Kronologi OTT Suap Pinjaman Daerah Lampung Tengah
780,Pemprov DKI Bangun Rusun Warga Terdampak Sodetan Ciliwung
781,"Perintah Zumi Zola, Anak Buah Serahkan Suap ke Anggota DPRD"
782,Golkar Minta Pemerintah Wujudkan Kedaulatan Pangan
783,"Bupati Halmahera Timur Bantah Terima Uang Suap 6,3 Milyar"
784,"Sudah Aman Dikunjungi, Puncak Masih Sepi Turis"
785,Kenaikan Harga Rumah Diperkirakan Berlanjut di Awal 2018
786,"Mulai 15 Februari, Tarif Tol Cipularang dan Purbaleunyi Naik"
787,VIDEO: Warung-warung di Puncak Dibongkar
788,"Atasi Stunting, Pemerintah Perbaiki Infrastruktur Sanitasi"
789,Pemprov DKI Pastikan Relokasi Warga Bantaran Sungai Ciliwung
790,"Hindari Kontroversi, Anies Enggan Bahas Normalisasi Sungai"
791,"Sidang Suap, Politikus PKS Sebut Menteri PUPR 'Imam Al Azhar'"
792,"Tersangka Kedua Kali, Politikus PKS Diduga Cuci Uang Rp20 M"
793,Rini Bantah Percepatan Proyek BUMN Picu Kecelakaan Kerja
794,"Tanah Keropos, Kawasan Pinus dan Puncak Pass Rawan Longsor"
795,"Bangun Kota Lama Semarang, Pemerintah Kucurkan Rp156 Miliar"
796,PUPR Percepat Pembangunan Pengolahan Air Limbah Jakarta
797,PPP Nilai Kritikan Proyek Jokowi untuk Pilpres Terlalu Dini
798,Gubernur Jabar Dorong Normalisasi Hutan Puncak
799,JK Duga Kecelakaan Proyek karena Operator Kebanyakan Begadang
800,"Apartemen Tak Juga Dibangun, Sipoa Grup Janji Kembalikan Dana"
801,Fadli Zon Duga Jokowi Kebut Proyek untuk Amunisi Pilpres 2019
802,"VIDEO: Longsor di Puncak Bogor, Akses Jalan Tertutup"
803,Upaya Indocement Raup Cuan di Tengah Lubernya Pasokan Semen
804,Hutama Karya Pastikan Santunan Korban Crane Ambruk Jatinegara
805,BTN Incar Pendanaan Non Konvensional Rp18 Triliun
806,"Sempat Disetop, BTN Salurkan Kembali KPR Skema FLPP"
807,Menteri PUPR Bakal Standardisasi Kualitas Rumah Subsidi
808,KPK Tetapkan Bupati Halmahera Timur Tersangka Kasus Suap
809,Kemenhub Fokus Persiapan Mudik Lebaran 2018
810,DPR dan Pemerintah akan Rapat soal Kasus Luar Biasa di Asmat
811,Menteri Basuki Gaet BMKG untuk Amankan Infrastruktur
812,"Daerah Rawan Gempa Meningkat, Bangunan Harus SNI"
813,Kampung Pelangi Bakal Hadir di Kota Tarakan
814,Pemerintah Belum Sanksi Kontraktor Proyek Ambruk
815,"Rampung, Tiga Daerah Dapat Air dari Bendungan Sei Padang"
816,Pemilik Gedung BEI Biayai Perawatan Korban Selasar Roboh
817,Daerah Terdampak Gempa Lebak Meluas Menjadi 74 Desa
818,"Tugiyo, DP Nol Rupiah dan Harapan untuk Anies-Sandi"
819,"K/L Minta Tambah Anggaran, Sri Mulyani Imbau Belanja Efektif"
820,YLKI: Kasus Umrah First Travel Capai 17.557 Aduan
821,"Potensi Naik, Industri Kaji Perubahan Tarif Asuransi Gempa"
822,Rumah DP Nol Rupiah Dijual Mulai Harga Rp185 Juta
823,Disparbud DKI-Kementerian PUPR Bahas Renovasi Museum Bahari
824,Pemerintah Sebut Dana Desa Bisa Kerek Konsumsi Rp90 Triliun
825,Polisi Sebut 14 Korban Selasar BEI Roboh Sudah Dipulangkan
826,Puslabfor Polri Ambil Sampel Logam dan Beton dari BEI
827,Gedung Tower II BEI Sudah Dapat Digunakan Besok
828,Selasar BEI yang Roboh Jarang Dilewati Pengunjung
829,PUPR Beberkan 2 Dugaan Sementara soal Selasar BEI yang Roboh
830,"Selasar BEI Roboh, Pemprov DKI Dinilai Bertanggung Jawab"
831,Jokowi Resmikan Stadion Utama Gelora Bung Karno
832,"Jelang CPNS 2018, Tujuh Instansi Belum Beri Usulan Formasi"
833,"Timnas Indonesia vs Islandia, SUGBK Dijamin Tak Tergenang Air"
834,"Jelang Gelaran IMF 2018, Pemerintah Kembangkan Labuan Bajo"
835,Omzet Pedagang Pasar Gembrong Tergerus Wacana Penggusuran
836,"Kementerian PUPR Bangun 7 Bendungan Rp5,9 Triliun di NTT"
837,Pajak dan Pahlawan Zaman Now
838,Jalan Trans Papua 4.330 Km Ditargetkan Tersambung di 2019
839,Siswa Tunanetra Menolak Sepeda Jokowi Demi Laptop
840,Kementerian PUPR Resmikan Dua Rusunawa di Jatim
841,Jasa Marga Bidik Bentangkan 175 KM Jalan Tol Baru
842,Anies Gandeng BI Bentuk Tim Muluskan KPR DP Nol Rupiah
843,"Grider Tol Antasari Ambruk, Pemerintah Kaji Sanksi Kontraktor"
844,"Lelang Proyek PUPR Melorot, Cuma Rp13,8 Triliun"
845,Cerita Elek Yo Band Kebanjiran Manggung dan Jokowi Manajer
846,Jokowi Sebut Dana Desa Rp12 Triliun Mulai Cair Bulan Ini
847,Trans Jawa Diklaim Siap Tampung Pemudik Tahun Depan
848,"Girder Tol Depok-Antasari Ambruk, Proyek Dijamin Capai Target"
849,Jokowi Instruksikan Menteri Kerja Cepat Demi Entas Kemiskinan
850,Jokowi: Elek Yo Band Bukti Kekompakan Kabinet Kerja
851,'Makna Tanpa Kelas di Balik Penampilan Jokowi'
852,Persija Menyambut Baik Tawaran Pemkab Karawang
853,VIDEO: Menteri Kabinet Kerja Ngeband Bareng 'Elek Yo Band'
854,Jalan Berliku Indonesia Menuju Kesuksesan Asian Games 2018
855,BRG Pulihkan Jutaan Hektare Lahan Gambut
856,Arah 2018: Emiten Konstruksi Jadi Menu Utama Bursa Saham
857,"Mulai Tahun Depan, LMAN akan Kelola Aset Hulu Migas"
858,"Belanja Kementerian PUPR Tembus Rp81,4 Triliun"
859,"Jelang Akhir Tahun, Dana Pembebasan Tol Belum Semua Cair"
860,Kemenpora Fokus Persiapan Wisma Atlet Asian Para Games 2018
861,"Tanggap Darurat Dicabut, Pengungsi Gunung Agung Tetap Dijamin"
862,"Pemerintah Bidik Salurkan Rp4,5 Triliun KPR FLPP Tahun Depan"
863,Kontraktor Pastikan Siap Bangun Jakarta Integrated Tunnel
864,"Januari 2018, Kementerian PUPR Mulai Catat Pengembang Rumah"
865,Jokowi Kenang Rambut Gondrong dan Celana Cutbray saat Kuliah
866,Pemerintah Kucurkan Rp25 Triliun Bayar Utang Pembebasan Lahan
867,Tanggul Laut yang Terhalang Janji Anies-Sandi Soal Reklamasi
868,VIDEO: Jalan Layang Tol Jakarta-Cikampek Rampung 2019
869,Ada 7 Menteri Kabinet Kerja Raih Bintang Bhayangkara
870,Bank Diminta Berperan Maksimal Dorong Satu Juta Rumah
871,"Tol Wajib Nontunai, Transaksi e-Money Melonjak di Oktober"
872,Presiden APC Soroti Persiapan Asian Para Games 2018
873,Pengoperasian Jalan Tol Baru Capai 332 Km
874,Politikus PKS Didakwa Terima Suap Terkait Proyek Jalan
875,Pemerintah Diminta Tak Asal Kerek Tarif Tol
876,Tarif di Lima Ruas Tol Naik Rp500-Rp1.500 per 8 Desember 2017
877,YLKI Protes Kenaikan Tarif Tol Dalam Kota
878,"Siap-siap, Tarif Tol Dalam Kota Naik per 8 Desember 2017"
879,3 Alternatif Markas Persija Selain GBK dan Patriot
880,Jokowi Berbahasa Sunda Resmikan Tol Soreang-Pasir Koja
881,Menpora Dampingi Presiden Jokowi Resmikan Lapangan di GBK
882,Jokowi Resmikan 4 Venue Asian Games 2018 di GBK
883,KPK Terima Pengembalian Suap RAPBD Jambi Ratusan Juta
884,KPK Geledah Kantor Gubernur Jambi Zumi Zola
885,KPK Jebloskan Empat Tersangka Suap APBD Jambi ke Penjara
886,Pemerintah Godok Proyek Pertama dengan Skema KPBU
887,Anak Buah Tersangka Suap APBD Jambi 2018 Diduga Rusak Barbuk
888,Menteri PUPR: DPR Kemungkinan Perlu Gedung Baru
889,KPK Tetapkan Empat Tersangka Dugaan Suap RAPBD Jambi 2018
890,Sandiaga Uno Berenang Jajal Arena Asian Games 2018
891,Trik Menpar Dorong Homestay di Danau Toba
892,Homestay di Danau Toba Kini Makin Mudah
893,Menpar Arief Yahya Resmikan 2 Homestay Sigapiton
894,"Menpar Dorong Homestay di Lembah Bakara, Sumut"
895,Wali Kota Mojokerto Punya Andil Muluskan Suap APBD
896,KPK Tetapkan Wali Kota Mojokerto Tersangka Suap APBD
897,Aksi Sri Mulyani Bermain Sepak Bola di SUGBK
898,Dirut Persija Ramaikan Pemilihan Calon Ketum Pelti
899,"Investor Pasar Modal Bakal Bertambah 4,5 Juta Berkat Tapera"
900,PUPR Bakal Bangun Ruang Publik di Empat Destinasi Wisata
901,Kemenhub Kejar Pembangunan Jalan Tol dan Jalur Double Track
902,Rincian Kenaikan Tarif Tol Tangerang-Merak Mulai 21 November
903,"Berkas Lengkap, Bekas Ketua Komisi V DPR Segera Diadili"
904,Pembangunan Gedung Baru DPR Harus atas Rekomendasi PUPR
905,NasDem Resmi Usung Jokowi di Pilpres 2019
906,"Suap Proyek Jalan, Politikus PKB Divonis 9 Tahun Penjara"
907,Fahri Hamzah Ingin Kompleks Parlemen Seperti di AS
908,Jepang Cairkan Pembiayaan Pelabuhan Patimban Secara Bertahap
909,INASGOC Berharap Waktu Tempuh Wisma Atlet ke GBK Dipangkas
910,Jasa Marga Usulkan Kenaikan Tarif Tujuh Ruas Tol
911,Investor Korsel Bakal Kucurkan US$500 Juta untuk LRT Fase II
912,Sekeping Surga di Ekor Borneo Kalimantan
913,Sandi Pastikan Konsep Rumah DP Rp0 Diumumkan Tengah November
914,Program Padat Karya Serap 263.646 Tenaga Kerja Tahun Depan
915,PNS dan Pegawai BUMN Bakal Jadi Peserta Tapera di 2019
916,Kajian PUPR soal Gedung Baru DPR Selesai Pekan Depan
917,Menpora Masuk Lima Besar Menteri Berprestasi Kabinet Jokowi
918,DP Nol Rupiah Memungkinkan Jika Dijamin Pemerintah
919,VIDEO: Inovasi Aspal Campur Limbah Plastik Kresek
920,Mengukur Keampuhan Nontunai 'Sunat' Kepadatan Jalan Tol
921,VIDEO: Transaksi Nontunai Tol Resmi Berlaku
922,Pimpinan DPR Beda Pendapat soal Anggaran Gedung Baru
923,"Target Pengentasan Kawasan Kumuh Baru Tercapai 17,6 Persen"
924,Bank Diminta Garap Drive Thru Top Up Uang Elektronik di Tol
925,"Sandiaga: Usai Alexis, Reklamasi Tinggal Tunggu Waktu"
926,Penjualan Kartu Tol Subsidi Diperpanjang Sampai 14 November
927,"Besok, Transaksi Tol Non Tunai Resmi Berlaku"
928,"Jelang Tol Wajib Uang Elektronik, Kominfo Buat Kartu Sendiri"
929,Lippo Group Topping Off Dua Menara Apartemen Meikarta
930,Kadin Sebut Jokowi Setuju Merger dan Jual Anak Cucu BUMN
931,Sudah 91 Persen Jalan Tol Gunakan Uang Elektronik
932,"Gedung Baru DPR, Rp601 Miliar untuk Konsultan Perencanaan"
933,Kementerian dan Lembaga Bisa Mulai Pengadaan 2018 di Desember
934,"Kasus Suap Jalan, Politikus PKB Dituntut 12 Tahun Penjara"
935,"Terpompa Sentimen Positif, IHSG Bertahan di Zona Hijau"
936,Kereta Cepat Jakarta-Bandung Terintegrasi Bandara Kertajati
937,Di Bawah Bendera Investasi ala 3 Tahun Jokowi
938,"Tiga Tahun Jokowi, 300 Kilometer Jalan Tol Baru Terbentang"
939,SMF Yakin KPR Syariah Bergairah dengan Standar Operasi
940,3 Tahun Jokowi: Pemerintah Bangun 2.623 KM Jalan Baru
941,Menpora Puji Kinerja Basuki Soal Persiapan Asian Games 2018
942,Banten Siap Terapkan Aspal Berbahan Plastik
943,"Jasa Marga Raih Kredit Rp7,75 T untuk Dua Jalan Tol"
944,Gubernur Bengkulu Marah Anak Buah Tak 'Kawal' Proyek Pesanan
945,Gubernur Bengkulu dan Isteri Diduga 'Palak' Kontraktor Proyek
946,Beli Rusun Rp7 Juta per Meter Bonus Kereta
947,BUMN Bangun Tiga Rusun di Stasiun Pasar Senen Rp500 Miliar
948,Pemerintah Siapkan Rp20 Triliun Garap Infrastruktur Sumatera
949,Bursa Efek Catatkan Surat Utang Waskita Karya Rp3 Triliun
950,Proyek KA Semi Cepat Jakarta-Surabaya Mulai Dibangun 2018
951,BPJT Klaim 72 Persen Gerbang Tol Sudah Non Tunai
952,Jaksa Parlin Segera Disidang Setelah Berkas Lengkap
953,Ketua DPRD Sulbar dan Tiga Wakilnya Tersangka Korupsi APBD
954,Jokowi Gerah dengan Gurita Bisnis Perusahaan BUMN
955,BPK: 5.108 Unit KPR Subsidi Belum Dihuni Pemilik
956,"NKE Kantongi Proyek Kementerian PUPR Rp358,7 Miliar"
957,"Meikarta, Solusi Ketimpangan Permintaan dan Pemasok Properti"
958,'Pemrotes' Biaya Top Up Uang Elektronik Bertambah
959,Nasib Reklamasi Pulau G Ditentukan Akhir Pekan Ini
960,BI Gelar Rakor Pemerintah Pusat-Daerah Genjot Ekonomi Jabar
961,Festival Pesona Tanjung Lesung Resmi Digelar
962,Sekjen DPR Tegaskan Gedung Parlemen Tidak Miring
963,Realisasi Belanja Modal Negara Naik 11 Persen per Agustus
964,"Demi Sampah Jakarta, Bekasi Bangun Dua Jembatan Layang Khusus"
965,"Gratis Sementara, Tol bawen-Salatiga Resmi Dibuka"
966,Waskita Beton Klaim Tak Ada Pembatasan Penjualan
967,KPK Tetapkan Bupati Batubara Tersangka Suap Jembatan Sentang
968,Pemerintah Klaim Kekeringan Tahun Ini Tak Mengkhawatirkan
969,Gede Widiade: Peluang Persija vs Persib di GBK Terbuka Lebar
970,Jalan Tol Samarinda-Balikpapan Bakal Rampung Tahun Depan
971,"Pembiayaan untuk RAPBN 2018 Minus Rp15,5 Triliun"
972,KPK Geledah Empat Kantor Terkait Suap Wali Kota Tegal
973,Beda Gaya Jokowi 'Daripada' Soeharto Membangun Infrastruktur
974,Lima Ruas Tol Baru Segera Beroperasi Bulan Ini
975,Daftar Lengkap Situs 61 Instansi Penerimaan CPNS 2017
976,Pembangunan Arena Tanding Asian Games Rampung Lebih Cepat
977,Bonus Rumah untuk Atlet Berprestasi Masih dalam Tahap Diskusi
978,"2018, Sistem Pembayaran Transportasi Jabodetabek Terintegrasi"
979,"Tarif Tol Sama Rata, Jasa Marga Sebut Tetap Bisa Untung"
980,"Lowongan CPNS Putaran Kedua, Kemenkeu Paling Butuh Banyak"
981,Lenis Kogoya Klaim OPM di Pegunungan Dukung Pemerintah RI
982,Kementerian PUPR-BRG Tangani 12 Juta Hektare Gambut
983,"PUPR Rilis Peta Gempa Baru, Titik Sesar Bertambah Jadi 295"
984,"Atasi Kekeringan, Kementerian PUPR Cari Sumber Air Baru"
985,Kaesang Jokowi Lego Kaus 'Kolektor Kecebong' di Car Free Day
986,"Ikut Jepret Karnaval, Menteri PUPR Dikira Fotografer Istana"
987,Menkeu Tunggu Restu Rakyat Alokasi Anggaran Gedung Baru DPR
988,Menhub Galang Dukungan Ahli Loloskan Permen Taksi Online
989,"Mudik Idul Adha, Tol Brebes-Gringsing Tak Beroperasi"
990,"Usai VietJet, Maskapai China dan India Bakal Mendarat ke RI"
991,Jokowi Guyur Rp620 Triliun untuk 10 Kementerian
992,Fahri Hamzah Pasrahkan Gedung Baru DPR ke Pemerintah
993,DPR Sudah Sayembarakan Desain Gedung Baru
994,Mengubah Sampah jadi Produk Kreatif
995,Presiden Joko Widodo Resmikan Simpang Susun Semanggi
996,Doa dan Kritik Agus Rahardjo Saat Pimpin Upacara di KPK
997,Pembangunan di DPR Telan Anggaran Rp601 Miliar
998,"Kuras Anggaran Negara, PPP Tolak Pembangunan Gedung DPR"
999,DPR Klaim Gedung Retak Sudah Diaudit Kementerian PUPR
1000,Surya Paloh: DPR Tak Perlu Memaksakan Pembangunan Gedung Baru
1001,Menteri PUPR Sebut Belum Terima Permintaan Audit Gedung DPR
1002,"Tolak Apartemen, PAN Setuju Perbaikan Fasilitas Gedung DPR"
1003,"Bayar Tol Non Tunai, Diskon 50 Persen untuk Kartu Baru"
1004,DPR Akan Undang Menkeu dan Menteri PUPR Tinjau Kondisi Gedung
1005,IPW: Penjualan Rumah di Atas Rp1 Miliar Anjlok di Kuartal II
1006,Pemerintah Bakal Kerek Subsidi Rumah Dua Kali Lipat di 2018
1007,"Realisasi Program Sejuta Rumah Baru 44,9 Persen dari Target"
1008,Menteri Kabinet Meriahkan Silaturahmi Pendukung Jokowi
1009,Bappenas: Dana Haji Bisa untuk Biayai Proyek LRT
1010,Kementerian PUPR Akan Tertibkan Pengembang FLPP Nakal
1011,Rusun Atlet untuk Warga Miskin Usai Asian Games 2018
1012,YLKI Desak Pemerintah Buat Regulasi Apartemen Nonsubsidi
1013,"Tekan Pengembang Nakal, Pemerintah Publikasi Anggota Asosiasi"
1014,Syarat Baru Penerima FLPP Terganjal Harga Rumah Murah
1015,Presiden INAPGOC: Stadion GBK Belum Sepenuhya Ramah Difabel
1016,Transjakarta Ciledug-Tendean Beroperasi 13 Agustus
1017,YLKI Kecam Kriminalisasi Komika Acho
1018,Pemerintah Siapkan Aturan Kerek Peran Swasta di Infrastruktur
1019,Menteri Basuki Sebut Ada Salah Paham Soal Dana Haji
1020,Bank Daerah Didorong Salurkan KPR
1021,Jusuf Kalla Jadikan MRT sebagai Contoh Pembangunan
1022,Disbudpar Aceh Gelar Ragam Acara Menarik di Sabang
1023,Penataan Kolong Tol Kalijodo Ditargetkan Rampung Awal Oktober
1024,Jokowi Utamakan Jepang Garap Kereta Cepat Jakarta-Surabaya
1025,Jokowi Minta Hitung-hitungan Pengembangan Kereta Cepat
1026,Kementerian PUPR Lelang Bendungan Pamukkulu
1027,Sri Mulyani Restui Anggaran Kajian Pindah Ibu Kota Rp7 Miliar
1028,KPK Jebloskan Politikus PKS Yudi Widiana ke Tahanan
1029,Tiga Negara Ini Siap Ramaikan Borobudur Festival
1030,Terdakwa Penyuap Anggota DPR Dituntut 5 Tahun Penjara
1031,Menteri Basuki Siapkan Sertifikat Simpang Susun Semanggi
1032,Djarot Sambut Sampah Plastik untuk Aspal
1033,Djarot Pilih Nama Simpang Susun Semanggi Sesuai Konsep Awal
1034,SMF Berhasrat Genjot Pembiayaan KPR Lewat Bank Daerah
1035,"Suap Proyek Jalan, Politikus PKB Terima Miliaran Rupiah"
1036,Uji Beban Simpang Susun Semanggi Berjalan Lancar
1037,Uji Coba Simpang Susun Semanggi Bisa Dijajal Akhir Juli
1038,"Anggaran 'Disunat', Program Sejuta Rumah Terancam"
1039,Kementerian PUPR Uji Beban Simpang Susun Semanggi
1040,Aseng Ungkap Inisial Y dari PKS dalam Kasus Suap Proyek Jalan
1041,Wapres JK: Kesenjangan Ekonomi di Perbatasan Picu Perpecahan
1042,Keterbatasan Pengembang Jadi Alasan KPR FLPP Direvisi
1043,Pemerintah Butuh Rp7 Miliar untuk Kajian Pindah Ibu Kota
1044,Baru Tiga Halte Akan Beroperasi di Jalur Transjakarta Ciledug
1045,Tour de Flores 2017 Tambah Rute ke Pulau Rii Taa
1046,Kemenpar Bahas Pembangunan Homestay di 10 Bali Baru
1047,Tol Bandung-Tasikmalaya Akan Diperpanjang Hingga Cilacap
1048,Presiden Jokowi Apresiasi Lonjakan Wisman
1049,"Tak Patuhi Jembatan Timbang, Menhub Tindak Truk Melintas"
1050,Luhut Siapkan Laporan Internal Kajian Reklamasi Jakarta
1051,"Mundur, Pepres Tapera Ditargetkan Rampung Bulan Depan"
1052,Ruas Tol Jakarta-Semarang Ditargetkan Tersambung Tahun Depan
1053,Menhub Ramal Kepadatan Seluruh Jalur Mudik Terurai Hari Ini
1054,Menhub: Penutupan Gerbang Tol Cikarang Utama Hanya Sementara
1055,Menghitung Biaya Tol Kala Mudik
1056,Masyarakat Diminta Tak Ekspektasi Tinggi Pada Tol Fungsional
1057,"Molor dari Target, Tol Becakayu Belum Bisa Dilewati Pemudik"
1058,Gaji Diatas Rp4 Juta Bisa KPR Subsidi Rumah Tapak
1059,Pemerintah Resmi Lelang Ruas Tol Jakarta-Cikampek II
1060,Pemerintah Integrasikan Sistem Pembayaran Dua Ruas Tol
1061,Meramal Nasib Program Satu Juta Rumah Jokowi
1062,Pemprov DKI Tunda Peresmian Koridor 13 Ciledug-Tendean
1063,Presiden INAPGOC Yakin Fasilitas Asian Para Games Terpenuhi
1064,Panglima Minta Jokowi Tak Ragukan Kinerja TNI
1065,"Jalur Cipali Kritis, Macet Tak Bisa Dihindarkan saat Mudik"
1066,"Kakorlantas: 1,5 Juta Kendaraan Keluar Jakarta H-4 Lebaran"
1067,Kronologi Tangkap Tangan Kasus Suap DPRD Mojokerto
1068,KPK Tahan 4 Tersangka Suap DPRD Mojokerto di Tempat Terpisah
1069,"Suap DPRD Mojokerto, KPK Sebut Pengawasan Daerah Sangat Lemah"
1070,KPK Tetapkan 3 Pimpinan DPRD Mojokerto Tersangka Kasus Suap
1071,"Jalur Pantura Beres, Alternatif Pemudik saat Tol Cipali Macet"
1072,Proyek Satu Juta Irigasi dan Perumahan Terbentur Anggaran
1073,Pemerintah Buka Beberapa Ruas Tol Fungsional H-10 Lebaran
1074,Golkar Minta Markus Mundur dari DPR Agar Fokus Urus Kasus
1075,Pemudik Bisa Pantau Kepadatan Jalan Tol Lewat Aplikasi i-Toll
1076,Polda Metro Usut Dugaan Intimidasi Jurnalis RMOL
1077,Jurnalis Diintimidasi Pegawai Kementerian PUPR
1078,Pemerintah Siapkan Aturan Pembayaran Tol Wajib Nontunai
1079,"Oktober, Seluruh Gerbang Tol Bisa Bayar Non Tunai"
1080,RAPBN 2018 Masih Fokus Biayai Infrastruktur
1081,SUGBK Bukan untuk Sepak Bola di Asian Games
1082,"Pembangunan Arena Belum Selesai, Test Event Asian Games Molor"
1083,Tol Palindra Sudah Bisa Dilalui Saat Mudik
1084,Ketika Juz (Qur'an) dan Liqo Menjadi Kode Korupsi
1085,Aseng Penyuap Damayanti Hadapi Dakwaan Kasus Proyek Jalan
1086,Aseng Hadapi Sidang Perdana Kasus Suap Proyek Jalan
1087,"Cuma 2,5 Persen Pekerja Informal Nikmati Subsidi Perumahan"
1088,"Sinabung Meletus, Semburan Material Mencapai 4 Kilometer"
1089,Menpar Bicara Soal Pembangunan 20 Ribu Homestay
1090,Kementerian PUPR Dorong Pembangunan Homestay Desa Wisata
1091,"Domus Ruko, Inovasi Terbaru dari Tatalogam"
1092,Indonesia Bakal Bangun 20 Ribu Homestay dengan Kearifan Lokal
1093,Kelestarian Lingkungan Danau Toba Harus Ikut Dijaga
1094,Kemenpar Gelar Rakornas II dengan Tema Homestay Desa Wisata
1095,Kemenkeu Ancang-ancang Gemukkan Alokasi FLPP 2018
1096,"Dorong Rumah MBR, Kemenkeu Janjikan Insentif Untuk Pengembang"
1097,Politikus PAN Andi Taufan Tiro Dikirim ke 'Penjara Koruptor'
1098,Pemerintah Optimis Bendungan Logung Rampung di 2018
1099,Gubernur Babel Kembangkan Pariwisata Lewat Dua KEK Tambahan
1100,Papua Tuntut Perhatian Ketua Baru PB Wushu
1101,Lippo Siapkan Rumah Khusus Bagi Generasi Milenial di Meikarta
1102,PBWI Gelar Munas untuk Pilih Airlangga Hartarto
1103,"Jadi Tuan Rumah Hajatan IMF-Bank Dunia, RI Habiskan Rp1 T"
1104,Perusahaan Turki Minat Ikut Bangun Bandara Kertajati
1105,Pemerintah Siap Bangun Rusun Seharga Rp150 Juta di Depok
1106,Sejumlah Infrastuktur Labuan Bajo Dibenahi
1107,'Selimut' Reklamasi Teluk Jakarta Bernama NCICD
1108,Kemenko Maritim Kunjungi Teluk Jakarta terkait Reklamasi
1109,Strategi Menpar Arief Tuai Pujian dari Sekjen UNWTO
1110,Kementerian PUPR Ikut Perbaiki Homestay di Destinasi Wisata
1111,"Terima Suap Proyek Jalan, Politikus PAN Divonis 9 Tahun"
1112,Politikus PAN Hadapi 'Palu' Hakim Tipikor Hari Ini
1113,Telaga Cebong Siap Bersaing dengan Bukit Sikunir
1114,KPK Kirim Sanusi ke Lapas Sukamiskin
1115,"Gara-Gara Buwas, Polri Punya Gedung Bareskrim Rp646 Miliar"
1116,Underpass Simpang Lima Mandai Makassar Siap Sebelum Lebaran
1117,Kemenperin Janjikan Satu Cangkul Untuk Setiap Rumah
1118,Tour de Flores 2017 Tambah Jarak Tempuh Sepanjang 200 Km
1119,Kemenpar Dukung Peningkatan Akses Wisata ke Labuan Bajo
1120,Kemenpar Jadikan Fotografi Unsur Penting Promosi Wisata
1121,Terdakwa Perantara Suap Proyek Jalan di Maluku Hadapi Vonis
1122,Kementerian Pekerjaan Umum Teken 75 Persen Kontrak Tahun Ini
1123,Kemenpar Tempuh Berbagai Cara Maksimalkan Wisata Labuan Bajo
1124,"Badan Pengelola Tapera Butuh Modal Awal Rp2,5 Triliun"
1125,Infrastruktur Jokowi Paling Sering Terjegal Urusan Lahan
1126,Enam Jalan Tol Dibangun untuk Akses ke Destinasi Pariwisata
1127,Menpar Siap Belajar Double Growth dari Jepang
1128,Sumarsono Akui 10 Titik Kritis dalam Proyek Tanggul Raksasa
1129,"Dana 'Mepet', Pengusaha Muda Diminta Terjun ke Infrastruktur"
1130,'Curhat' Sri Mulyani Soal Membiayai Rumah Murah 'Wong Cilik'
1131,"Sri Mulyani Kerek Pembiayaan Rumah Murah Jadi Rp9,7 Triliun"
1132,Pembangunan Rumah Murah Terganjal Aturan Daerah
1133,Pertamina Tambah 2 Kabupaten Penikmat Program BBM Satu Harga
1134,Kementerian PUPR Siapkan Pengelolaan Limbah Air di Jakarta
1135,"Demi Kemudahan Berusaha, Pemerintah Akan 'Sunat' Biaya IMB"
1136,"Masih Dipersulit Bangun Rumah, Pengembang Curhat ke JK"
1137,Penyebab Banjir Permukiman Bekasi Terdeteksi
1138,"Urai Macet Mudik Jateng, PUPR Andalkan Jembatan Layang Baru"
1139,"Sebelum Mudik Lebaran, Tol Gempol - Pasuruan Siap Digunakan"
1140,"Semester I, Pertamina Jual BBM dengan Harga Sama di 16 Daerah"
1141,Perbaikan Jembatan Cisomang Diharapkan Selesai Akhir Maret
1142,BPLS Tetap Bekerja Hingga Kewenangan Diambil Alih Pemerintah
1143,KPK Soroti Rangkap Jabatan Pejabat Eselon I di BUMN
1144,Pemerintah Angkat Potensi Wisata di Jalan Trans Papua
1145,"Reklame Roboh di Bekasi, Dinas PUPR Lakukan Evaluasi"
1146,"Wijaya Karya Kecipratan Duit Raja Salman Rp26,6 Triliun"
1147,KPK Sebut Ada Lima Hakim MK Belum Lapor Harta Kekayaan
1148,KPK Tahan Tersangka Pemberi Suap Proyek Kementerian PUPR
1149,Subsidi Pemerintah Menanti Nasabah KPR BPJS Ketenagakerjaan
1150,"Kementerian PUPR: Seharusnya, Ada Spesialisasi Kontraktor"
1151,Kementerian PUPR Bidik Sertifikasi 3 Juta Tenaker Konstruksi
1152,Kementerian PUPR Alokasikan Anggaran Untuk Drainase
1153,Gapensi Dorong Sinergi Kontraktor BUMN dan Daerah
1154,Kiat Tatalogam Mengalap Berkah dari Program Sejuta Rumah
1155,BTN Salurkan 300 KPR Mikro Bagi Pedagang Mie dan Baso Jateng
1156,"Terowongan MRT Tersambung, Namun Baru Bisa Digunakan 2019"
1157,"Kasus Suap Proyek Jalan di Maluku, KPK Tahan Politikus PKB"
1158,Menteri Basuki Berharap Dana Talangan untuk BPJT Segera Cair
1159,Tol Cisumdawu dan Serang-Panimbang Masuk Proyek Strategis
1160,Pembiayaan Jalan Tol Lewat PII Berbonus Perlindungan Politik
1161,"Pemerintah Jamin Proyek Jalan Tol Senilai Rp50,8 T Lewat KPBU"
1162,Sektor Konstruksi Dorong Ekonomi Melaju Lebih Kencang di 2016
1163,"Banyak Cacat, LRT Disebut jadi Pemaksaan Kehendak Jokowi"
1164,Menko Darmin Tuntaskan Perpres Proyek Prioritas Bulan Ini
1165,Pemerintah Tambah 78 Proyek Strategis Nasional
1166,DPR dan Pemerintah Didesak Terbuka Soal RUU Sumber Daya Air
1167,"2016, Pemerintah Klaim Benahi 2.162 Hektare Kawasan Kumuh"
1168,Pedagang Bakso Dapat Prioritas Beli Rumah Rp75 juta dari BTN
1169,Bank Dunia Punya US$197 juta untuk Bangun Rumah Murah Jokowi
1170,Pantai Legian-Seminyak Bakal Diuruk Pasir Senilai US$74 Juta
1171,Bisnis Properti Bekasi dan Tangerang Menggeliat Berkat Jokowi
1172,"Ditjen Bina Marga Teken Kontrak Jalan dan Jembatan Rp1,29 T"
1173,Tahun Ini 31 Jalan Tol di Sumatera dan Jawa Beroperasi
1174,Pemerintah Pede Tembus Target 1 Juta Rumah Tahun Ini
1175,Bank Pelaksana Bakal Gemukkan Pendanaan FLPP
1176,Pekerja Informal Bisa Kredit Rumah dengan DP Rendah di 2017
1177,Target Pembangunan 1 Juta Rumah Kandas Lagi Tahun Ini
1178,Perusahaan Pelat Merah Dikejar Target Satu Juta Rumah
1179,Presiden Hadiri Topping Off Rusun Atlet Kemayoran
1180,Jembatan Cisomang Aman Bagi Kendaraan Golongan I
1181,Menpar Tinjau Kebun Teh Penyangga KSPN Borobudur
1182,"Pilar Jembatan Tol Purbaleunyi Bergeser, Truk Dilarang Lewat"
1183,Jokowi Targetkan Area Terdampak Gempa Aceh Bersih Sepekan
1184,Gempa Bumi Membuka Luka Tsunami Aceh
1185,BMKG: Gempa di Kepulauan Solomon Tidak Berdampak ke Indonesia
1186,Menteri PUPR Tanggapi Dampak Kerusakan Gempa
1187,Presiden Jokowi Tegaskan KL untuk Dukung Pariwisata
1188,KPK Tetapkan Tersangka Baru Suap Proyek Kementerian PUPR
1189,Jababeka PP Properti Kucurkan Rp875 Miliar Bangun Apartemen
1190,"REI Usulkan Rumah 'Murah' untuk Orang Bergaji Rp4,5-Rp7 Juta"
1191,Jokowi Janji PP Paket Ekonomi Jilid XIII Terbit Bulan Depan
1192,Jokowi Minta Pengusaha Properti Tak 'Pusing' Urusi Politik
1193,"Putar Roda Ekonomi Sektor Riil, OJK Dorong Investasi EBA-SP"
1194,Menpar Arief Yahya Keluarkan CEO Message #15
1195,Tiga Menteri Ikut Tour de Borobudur
1196,DPRD Setujui Lelang Dini Proyek Ahok
1197,"Terima Suap, Politikus Golkar Divonis Lima Tahun Penjara"
1198,BPJT Perkirakan Proyek Tol Bawen - Yogya Butuh Duit Rp10 T
1199,Soni Minta Kementerian PUPR Audit  Proyek Rusun Ahok
1200,Politikus Golkar Ungkap Jatah Rp19 Miliar bagi Damayanti
1201,Kementerian Pekerjaan Umum Mulai Duluan Tender Proyek 2017
1202,Korpri Rancang Program untuk Sejahterakan Para Peneliti
1203,Pemerintah Kejar Swasembada Pangan Lewat Perbaikan Irigasi
1204,World Bank Dukung Perbaikan 3 Destinasi Prioritas
1205,Derap Infrastruktur Jokowi Dijegal Masalah Dana dan Lahan
1206,Kerikil Tajam dalam Tembok Sejuta Rumah Jokowi
1207,Kenaikan Tarif Tol Sedaytmo
1208,"Sampai Oktober, 41,5 Persen Program Sejuta Rumah Terpenuhi"
1209,Pembahasan BP Tapera Ditargetkan Rampung pada Maret 2017
1210,Menpar Arief Yahya Berniat Kembangkan Hu Toba layaknya Xi Hu
1211,"Takar Bunga KPR Wajar, Pemerintah Gandeng IBPA"
1212,Tarif Tol Bandara Soetta Naik Mulai Tengah Malam Nanti
1213,Pemerintah Janji Bangun 5 ribu Rumah untuk TNI/Polri
1214,Penggarapan Akses dan Amenitas di Morotai Semakin Dipercepat
1215,Arief Yahya Percepat 3A di Destinasi Wisata Tanjung Lesung
1216,Pergi ke Bandara Soetta Lewat Tol Bakal Lebih Mahal 'Seceng'
1217,"Terbukti Korupsi Infrastruktur, Damayanti Divonis 4,5 Tahun"
1218,Khofifah Jamin Kebutuhan Logistik Korban Banjir dan Longsor
1219,"Telusuri Suap Jalan di Maluku, KPK Periksa Ketua Komisi V DPR"
1220,Jokowi: Birokrat Tersandera Pertanggungjawaban Keuangan
1221,KPK Periksa Politikus PKS Soal Suap Proyek PUPR
1222,"Gunakan Teknologi Baja Bergelombang, Pemerintah Irit Rp35 M"
1223,Wapres Jusuf Kalla Tak Mau BUMN Disuap Duit Negara Lagi
1224,"Divonis 4 Tahun Penjara, Dua Staf Damayanti Pikir-Pikir"
1225,"Ditahan KPK, Andi Taufan Ucap Terima Kasih ke Bendum PAN"
1226,KPK Periksa Politikus PAN pada Kasus Dugaan Suap PUPR
1227,"Gandeng Investor, Kementerian PUPR Gelar Forum Infrastruktur"
1228,"2017, Pemerintah Punya Modal Rp9 Triliun Bangun Rumah Murah"
1229,Sri Mulyani Yakin RAPBN 2017 Ampuh Pangkas Kemiskinan
1230,Pemerintah Bakal Tegur Pengembang yang Bangun Rumah Murahan
1231,"Sri Mulyani: Target Pertumbuhan Ekonomi 5,2% Susah Dicapai"
1232,KPK Periksa Terduga Penyuap Politikus Damayanti Putranti
1233,"Anggaran Disunat, Industri Farmasi Terhambat"
1234,"Kebut Konstruksi, Kementerian PUPR Siapkan Skema Lelang Baru"
1235,Damayanti Dituntut Enam Tahun Penjara dan Hak Politik Dicabut
1236,"Demi Rp64 T, Jokowi Paksa Instansi Negara Irit 14 Pos Belanja"
1237,"Hadapi Tuntutan, Damayanti Berkeras Bukan Penggerak Suap"
1238,Pemerintah Kembali Bentuk Dewan Nasional Sumber Daya Air
1239,JK: Pembangunan 'Aman' Meski Anggaran Disunat
1240,Paket Ekonomi ke-13 Tak Pangkas Harga Rumah Secara Instan
1241,Proyek Tol Jakarta-Cikampek II Rp14 Triliun Masuk Tender
1242,Kementerian PUPR Belum Terima Rincian Pemangkasan Anggaran
1243,"Fiskal 2016 Semakin Diperketat, Pemotongan Belanja Diperbesar"
1244,"Paket XIII Terbit, Biaya Izin Bangun Rumah Hemat 70 Persen"
1245,Pilihan Kebijakan Membantu Pengembang
1246,Dua Staf Damayanti Dituntut Lima Tahun Penjara
1247,Anak Buah Damayanti Hadapi Sidang Pembacaan Tuntutan Hari Ini
1248,Pemerintah Subsidi 25 Persen Harga Rumah Murah Tahun Depan
1249,Target Kementerian PUPR Tahun 2017
1250,Menko Darmin: Pemerintah Bersiap Sunat Belanja Kementerian
1251,Kemenkeu Pangkas Anggaran Tender Proyek yang Belum Jalan
1252,Anak Buah Damayanti Tangisi Penyesalan di Persidangan
1253,Realisasi Program 1 Juta Rumah Baru Capai 230.802 Unit
1254,KPK Jamin Keamanan Informan Perusahaan
1255,Kementerian PUPR Longgarkan Syarat Pembiayaan Proyek Tol
1256,KPK Periksa Dua Anggota Komisi V DPR Terkait Kasus Damayanti
1257,Pejabat PUPR Mengaku Minta Jatah Aspirasi pada Damayanti
1258,KPK Periksa Anggota DPR Fraksi PKB Terkait Suap Damayanti
1259,Anggota DPR Dituding Berbohong di Persidangan Damayanti
1260,Kementerian PUPR Bangun 11 Rusun di Sulawesi Selatan
1261,"Izin Kereta Cepat Terbit, Pembebasan Lahan Dikebut"
1262,"2018, Waskita Karya Incar Aset Tumbuh Jadi Rp80 Triliun"
1263,IHSG Awali Pekan dengan Menguat ke Level 5.220
1264,"Mulai 2017, Adhi Karya Terbitkan Obligasi Bertahap Rp4 T"
1265,Adhi Karya Serahkan Dokumen Tender Tol Cisumdawu ke PUPR
1266,Kementerian PUPR Siapkan Jurus Baru Pencegah Tragedi Brexit
1267,Menteri Basuki Janji Rampungkan Tiga Bendungan Lebih Cepat
1268,Jokowi Panggil dan Tanyakan Kinerja Sejumlah Menteri
1269,Pemerintah-Swasta Danai Proyek Air Minum Mangkrak 43 Tahun
1270,Perkara Suap Politikus Golkar Budi Supriyanto Siap Disidang
1271,"Soal Korupsi Damayanti, Jaksa Cecar 'Rapat Setengah Kamar'"
1272,Evaluasi Pelaksanaan Mudik Lebaran 2016
1273,Kementerian PUPR Rampungkan Evaluasi Awal Tragedi Brexit
1274,"Paruh Pertama 2016, BTN Cairkan KPR untuk 120 ribu Unit Rumah"
1275,Ribuan Kendaraan Mulai Mengantre Masuk Jakarta
1276,Macet Arus Balik Jakarta Diprediksi Menumpuk di Tiga Titik
1277,Jokowi dan Kedua Anaknya Kunjungi Pusat Niaga di Padang
1278,Kemenag Gelar Sidang Isbat Lebaran Hari Ini
1279,"Sambut Pemudik, 18.317 KM Jalan Siap Dilalui"
1280,Sistem Pembayaran Tol dari Jakarta ke Brebes Diperpendek
1281,Pemudik Bergembol Kardus Mulai Padati Jalur Pantura
1282,35 Ribu Pemudik Padati Terminal Purabaya Surabaya
1283,Kementerian PUPR Pastikan Kesiapan 18.317 Km Jalur Mudik
1284,"Kementerian PUPR Serap Rp27,4 Triliun Anggaran Sampai 29 Juni"
1285,Jembatan Sipait Siap Dilalui Pemudik Jalur Pantura
1286,"Di Persidangan, Politikus Golkar Akui Terima Uang Damayanti"
1287,Pemerintah Siapkan Unit Penambal Lubang Jalan Mudik
1288,Tol Trans Jawa Kurangi 40 Persen Kepadatan Lalu Lintas
1289,Jalur Pantura dan Lampung Siap Digunakan Mudik Tahun Ini
1290,Badan Otorita Wisata Danau Toba Resmi Dibentuk Jokowi
1291,BMKG Prediksi Arus Mudik Diiringi Dengan Cuaca Buruk
1292,Bengawan Solo Meluap Akibat Drainase Terhambat Sampah
1293,KPK Periksa Massal Anggota Komisi V DPR
1294,Uji Coba Integrasi Pembayaran Tol Dimulai Hari Ini
1295,"Sampai Juni, 120 ribu Rumah Dibangun Pemerintahan Jokowi"
1296,"Urai Kemacetan Bandung, Pemerintah Siapkan Jembatan Rp33,5 M"
1297,Dessy Terdakwa Suap Pelebaran Jalan Keberatan dengan Dakwaan
1298,Penyuap Damayanti Divonis Empat Tahun Penjara
1299,Damayanti Mengaku Terima Suap Proyek Kementerian PUPR
1300,Enam Tol Baru Siap Digunakan Pemudik Tahun Ini
1301,Rusun Para Jaksa di Kedoya Belum Siap Pakai
1302,Akbar: Dukungan Setya Novanto atas Jokowi & Ahok Belum Final
1303,Politisi NasDem Diperiksa KPK Atas Dugaan Suap Kemen PUPR
1304,"Usai Diperiksa KPK, Anak Buah Setya Novanto Panik"
1305,Ahmad Dhani Ultimatum KPK Segera Tersangkakan Ahok
1306,KPK Periksa Anak Buah Setya Novanto di Kasus Kemen PUPR
1307,Tol Solo - Kertosono Bisa jadi Jalur Alternatif Mudik
1308,Pemerintah Hapus 4 Gerbang Tol dari Cikarang Sampai Brebes
1309,Menkeu: Belanja Infrastruktur Bebas dari Pemangkasan Anggaran
1310,"Anggaran Dipangkas, Kementerian PUPR Tunda Lelang Proyek"
1311,"Berhemat, Jokowi Sunat Anggaran Infrastruktur dan Pendidikan"
1312,KOI Yakin Infrastruktur Asian Games Dibangun Tepat Waktu
1313,Warisan Asian Games: 75 Persen GBK untuk Ruang Publik
1314,"Sempat Mangkir, Andi Taufan Tiro Penuhi Panggilan KPK"
1315,KPK Limpahkan Berkas Tahap Dua Kasus Damayanti
1316,KPK Panggil Mantan Gubernur Aceh Irwandi Yusuf
1317,JK Siapkan Jurus Pendongkrak Peringkat Kemudahan Berbisnis
1318,"Awal Mei, Pemerintah Baru Penuhi 23 Persen Penerimaan Negara"
1319,Penetapan Venue dan Cabor Asian Games Diharap Tuntas di Bali
1320,KPK Periksa Andi Taufan Dalam Kasus Korupsi di Kemen-PUPR
1321,Rusun untuk Warga di Lokasi Pelebaran Ciliwung Selesai 2018
1322,Pemerintah Akan Bangun Belasan Ribu Rusun di Seluruh Daerah
1323,Kalla Yakin Proyek 10 Juta Sambungan Air Selesai Tepat Waktu
1324,"Kasus Damayanti, KPK Panggil Anggota DPRD Bekasi Asal PKS"
1325,Elion Numberi Klaim Tak Tahu Pemberian Duit Pejabat Maluku
1326,"Demi Perbaikan Ranking, Pemerintah Rilis Paket Kebijakan XII"
1327,"Andi Taufan Tersangka, DPR Minta KPK Usut Pemerintah"
1328,"Jadi Tersangka Korupsi, Harta Andi Taufan Rp22 Miliar"
1329,Besok Fraksi PAN Gelar Rapat Bahas Kasus Andi Taufan Tiro
1330,Politikus PAN Andi Taufan Jadi Tersangka Kasus Suap Damayanti
1331,Jasamarga dan Waskita Resmi Garap Proyek Tol Semarang-Batang
1332,Damayanti Akui Berkas Perkara Suap Dirinya Hampir Lengkap
1333,Jokowi Tugaskan 6 Menteri dan Pemda Permudah Izin Perumahan
1334,"United Tractors Berutang US$3,2 Miliar demi Pembangkit Jepara"
1335,KPK Geledah BPJN IX Maluku dan Malut Kasus Proyek Kemen-PUPR
1336,"Kasus Suap Damayanti, Menteri PU Diperiksa Terkait Wewenang"
1337,Menteri PUPR Dijadwalkan Diperiksa untuk Damayanti Hari Ini
1338,Belum Ada Keputusan Final Venue Atletik AG 2018
1339,KPK Minta Aseng Laporkan soal Telah Suap Anggota DPRD Bekasi
1340,Jasa Marga Siap Berutang Rp3 Triliun untuk Bebaskan Lahan
1341,KPK Periksa Michael Wattimena Terkait Suap KemenPU-PR
1342,Komisi V Bantah Ada Sistem Pembagian Fee di Kasus Damayanti
1343,"Permudah Pembangunan Rumah Murah, Pemerintah Coret 12 Izin"
1344,"Garap Asian Games, Kementerian Pekerjaan Umum Minta Rp2,5 T"
1345,Dirut PT Windhu Didakwa Suap Empat Anggota DPR RI
1346,"Meski Bergeser 9 cm, Jembatan Merah Putih Ambon Diresmikan"
1347,Audit Lapangan: Pergerakan Tanah di Hambalang Lamban
1348,Perusahaan Pemilik Konsesi Tol JORR 'S' Tolak Putusan MA
1349,KPK Kembali Periksa Tersangka Suap di Kementerian PUPR
1350,Politikus PPP Bungkam Soal Dugaan Suap Proyek KemenPUPR
1351,KPK Kembali Periksa Damayanti dan Tiga Anggota Komisi V DPR
1352,Asian Games 2018: Momentum Membangun Indonesia
1353,Pemerintah Siapkan Empat Strategi Penyediaan Rumah Murah
1354,Tiga Legislator Diperiksa KPK Soal Anggaran Kementerian PUPR
1355,Kemenpora Libatkan Tim Independen untuk Proyek Hambalang
1356,KPK Periksa Tiga Anggota DPR Perkara Suap Kementerian PUPR
1357,Indonesia Jadi Tuan Rumah Asia Water Council Pertama
1358,Pengamat: Olahraga Indonesia Butuh Kompleks Hambalang
1359,"Kasus Suap Damayanti, KPK Kembali Geledah Kantor Kementerian"
1360,KPK Panggil Tujuh Pejabat PU Terkait Kasus Damayanti
1361,Damayanti Kembalikan Uang Sin$240 Ribu ke KPK
1362,Damayanti Kembali Diperiksa KPK Soal Proyek Kementerian PUPR
1363,Jokowi dan Rombongan Tiba di Bandara Halim Perdanakusuma
1364,Golkar Beri Sanksi Budi Supriyanto Saat Jadi Terpidana
1365,Pemerintah Siapkan Aturan Lanjutan Kemudahan Investasi
1366,Kader Golkar Ditahan KPK Soal Suap Proyek Kementerian PUPR
1367,Sekjen Kemenpera Ungkap Prosedur Usul Proyek Kasus Damayanti
1368,"Usai Dijemput Paksa KPK, Kader Golkar Diperiksa"
1369,KPK Jemput Paksa Kader Golkar di Semarang
1370,KPK Bidik Kesaksian Sekjen Kemenpera untuk Kader Golkar
1371,KPK Perpanjang Masa Tahanan Damayanti
1372,KPK Bakal Jemput Paksa Kader Golkar Jika Mangkir Lagi
1373,Tersangka Penyuap Damayanti Segera Diseret ke Meja Hijau
1374,KPK Bidik Kesaksian Pejabat Balai Jalan IX untuk Kader Golkar
1375,KPK Telusur Surat Dokter Fiktif Kader Golkar
1376,"Kasus Damayanti, KPK Periksa Perdana Tersangka Kader Golkar"
1377,Pemerintah Siap Tampung Karet Produksi Dalam Negeri
1378,KPK Periksa Dua Pejabat Kemenpera Terkait Suap Kader Golkar
1379,KPK Periksa Dua Sopir Pribadi Tersangka Damayanti
1380,Mekanisme Pembahasan Anggaran di DPR Akan Dievaluasi
1381,Jokowi Targetkan Pembangunan Tiga Tol di Sumut Kelar 2017
1382,Golkar Belum Tentukan Sanksi untuk Tersangka Budi Supriyanto
1383,Golkar Berikan Bantuan Hukum Bila Diminta Budi Supriyanto
1384,Politikus Golkar Budi Supriyanto Jadi Tersangka Suap
1385,Presiden Jokowi Resmikan Pengembangan Bandara Rembele Aceh
1386,Wakil Ketua Komisi V DPR Irit Bicara Setelah Diperiksa KPK
1387,Wakil Ketua Komisi V Lazarus Penuhi Panggilan KPK
1388,Pemerintah Urung Tetapkan Besaran Iuran Tapera
1389,Pemerintah Siap Hadapi Uji Materi UU Tapera
1390,Tersangka Penyuap Damayanti Dilarikan ke Rumah Sakit
1391,Tiga Politisi PKB Diperiksa KPK soal Damayanti
1392,Politikus PKB Diincar KPK soal Kasus Damayanti
1393,KPK Periksa Sekjen Kementerian PUPR
1394,Dua Politikus PKB Diincar KPK Soal Kasus Damayanti
1395,KPK Bakal Umumkan Tersangka Baru Kasus Damayanti
1396,KPK Panggil Ulang Politikus PKB untuk Damayanti
1397,Damayanti Disebut Danai Proyek Sosialisasi
1398,KPK Gali Keterangan Mantan Bupati Kendal untuk Damayanti
1399,Rencana Akuisisi Kawasan Industri Direspon Positif Asosiasi
1400,"Dicecar KPK, Wali Kota Semarang Akui Kenal Damayanti"
1401,KPK Bedah Kesaksian Wali Kota Semarang untuk Damayanti
1402,KPK Telusuri Aliran Uang Damayanti ke Politisi PAN
1403,KPK Bakal Gelar Perkara Kasus Damayanti
1404,Politikus Hanura Bersaksi untuk Kasus Suap Damayanti
1405,"Kasus Damayanti, KPK Bedah Perencanaan Proyek Jalan"
1406,Sekjen DPR Bersaksi untuk Damayanti
1407,"Usai Dibedah KPK, Dirjen Bina Marga Irit Bicara"
1408,Dirjen Bina Marga Diincar KPK Ihwal Suap Damayanti
1409,"Tunda Keputusan Blok Masela, Jokowi Tunggu Inpex dan Shell"
1410,Pengacara Akui Teman Damayanti Jadi Perantara Suap
1411,Pemerintah Bakal Buka 100% Pengelolaan Jalan Tol untuk Asing
1412,"Kasus Damayanti, KPK Garap Pejabat Anggaran di Kementerian PU"
1413,"Kasus Damayanti, KPK Intensif Bidik Pengusaha Kontraktor"
1414,"Kasus Damayanti, Pejabat PU Ungkap Proyek Senilai Rp2 Triliun"
1415,Suap Diduga Mengalir ke Tiga Kolega Damayanti dan Pejabat PU
1416,Bos Kontraktor Dicecar Ulang KPK Kasus Suap Damayanti
1417,Tersangka Penyuap Damayanti Bongkar Sistem Ijon Proyek Jalan
1418,Politikus Golkar Diperiksa KPK Soal Perkara Damayanti
1419,Pejabat PUPR Ungkap Usul Proyek Damayanti di Pulau Seram
1420,"Usut Damayanti, KPK Periksa Bos Kontraktor dan Pejabat PU"
1421,Legislator PDIP Jadi Tersangka Suap Pengamanan Proyek
1422,Rekam Jejak Anggota DPR Damayanti yang Ditangkap KPK
1423,KPK Incar Politisi Senayan Sejak Tahun Lalu
1424,"Hadiri Rakernas PDIP, Jokowi Tidak Kenakan Atribut Partai"
1425,Presiden Jokowi dan Para Menteri Hadiri Rakernas PDIP
1426,Jokowi Puji Kerja Menteri Soal Serapan Anggaran
1427,Presiden Jokowi dan Rombongan Mendarat di Merauke
1428,Wisma Atlet Asian Games 2018 Batal Dibangun Pemprov DKI
1429,Jokowi Perintahkan Bendungan Rotiklot Selesai dalam 3 Tahun
1430,Pemerintah Tunda Pelaksanaan Tender Dua Bendungan
1431,Pemerintah Tolak Formula Tetap Penaikan Harga Rumah Versi REI
1432,Kementrian PUPR Bantu Kemenpora Demi Asian Games
1433,"Bangun Tol 1.000 Km, Jokowi Siapkan Anggaran Rp313 Triliun"
1434,Penerbitan Izin Membangun Rumah Murah Dipangkas jadi 14 Hari
1435,Pinjaman China untuk 4 Proyek Tol Cair Desember 2015
1436,"Anggaran FLPP Ludes, Pemerintah Tetap Minta Bank Salurkan KPR"
1437,Pemerintah Perketat Pembangunan Rusun untuk Jaga Ruang Publik
1438,Menkeu Sentil Bank Daerah yang Rayu Pemda Agar Rajin Menabung
1439,"Tinggal Sebulan, Dana Kementerian PUPR Mengendap Rp55 Triliun"
1440,"Tahun Ini, Menteri Basuki Garap 7 Proyek Mangkrak"
1441,"Kementerian PU-Pera Baru Serap 44,7 Persen Anggaran"
1442,Tahun Ini Pemerintah Masih Utang Bangun Tiga Bendungan
1443,"Pemerintah Bidik Rp 406,79 Triliun Lewat Tax Amnesty"
1444,"Dana FLPP Habis, Pemerintah Menunggak Rp 2,3 Triliun ke Bank"
1445,"Meski Kereta Cepat Bukan Proyek Negara, 12 Pejabat Dilibatkan"
1446,"Kejar Target Rumah Rakyat, REI Hadapi Kendala Klasik"
1447,"PMN Belum Cair, Perumnas Bersiap Revisi Target Bangun Rumah"
1448,Jokowi Janjikan Bunga Bank Turun di Paket Jilid III
1449,Sengketa Infrastruktur Kini Bisa Diadukan ke Badan Arbitrase
1450,REI Minta Subsidi untuk Rumah Bagi Kelas Menengah
1451,Pemerintah yakin Mampu Capai Target Pembangunan Rumah Murah
1452,"Cadangan Aspal Alam Tinggi, Malah Diekspor dengan Murah"
1453,"Waduk Jatigede, Hasil Kegagalan Dialog Negara dan Rakyatnya"
1454,"Jelang Ditenggelamkan, Warga Jatigede Akan Dirikan Posko"
1455,Jokowi Dijadwalkan Tenggelamkan Waduk Jatigede Besok
1456,KAI Bantah Konflik dengan Pelindo II Soal Proyek Kereta
1457,"Pemerintah akan Lelang Sukuk Proyek Rp 13,7 T  Tahun Depan"
1458,Bos Pelindo II Kritik Jokowi Soal Kereta Trans Kalimantan
1459,Pemerintah Optimistis Mampu Genangi Jatigede 31 Agustus
1460,Wakil Bupati Sumedang: Sulit Rendam Jatigede pada 1 Agustus
1461,Sekda Sumedang Zainal Alimin: Jatigede Sepertinya Bakal Molor
1462,Jatigede: Cerita Panjang Persoalan Pembebasan Lahan
1463,Warga Bertahan di Desa yang Bakal Tenggelam oleh Jatigede
1464,Jokowi Minta Tol Solo-Sragen Beroperasi Sebelum Lebaran 2016
1465,Pemerintah Kebut Penyelesaian Tol Trans Jawa
1466,"Pemerintah Pro Pengusaha, Swasta Boleh Berbisnis Air"
1467,Lapang Golf Kemayoran akan Dirombak Jadi Rusun
1468,Subang Banjir Permintaan Lahan Industri Berkat Tol Cipali
1469,Dana Talangan Korban Disepakati Pemerintah dan Lapindo
1470,Jasa Marga Korting Tarif Tol Sampai 35 Persen Selama Lebaran
1471,8 Rest Area Beroperasi di Tol Cipali Pekan Ini
1472,"Aturan Persulit Pembebasan Lahan, Presiden: Bodoh Sekali Kita"
1473,Menperin Minta BUMN Senjata Produksi Alat Berat
1474,"Persiapan Kurang Baik, Belanja Kemenperin Tak Sesuai Harapan"
1475,"Timses Jokowi-JK, Hironimus Hilapok Jadi Komisaris Adhi Karya"
1476,Menteri Anies Minta Masyarakat Laporkan Lintasan Berbahaya
1477,Menteri Anies: Negara Harus Pastikan Keselamatan Siswa
1478,"Percepat Konversi Gas, Pemerintah Bangun 22 SPBG"
1479,"Menteri PU Minta Tambah Anggaran Rp 47,5 T dalam APBNP 2015"
