,media,Title,Desc,titledesc,sentiment
0,JakartaPost,No haj funds invested infrastructure official says,Haj Fund Management Agency (BPKH) head Anggito Abimanyu denied on Thursday speculation that haj fund...,"No haj funds invested in infrastructure, official says Haj Fund Management Agency (BPKH) head Anggito Abimanyu denied on Thursday speculation that haj fund...","Sentiment(polarity=0.0, subjectivity=0.0)"
1,JakartaPost,Angkasa Pura II wants go global eyes ASEAN airports,State-owned airport operator Angkasa Pura (AP) II is looking to go global this year by managing airp...,"Angkasa Pura II wants to go global, eyes ASEAN airports State-owned airport operator Angkasa Pura (AP) II is looking to go global this year by managing airp...","Sentiment(polarity=0.1, subjectivity=0.05)"
2,JakartaPost,Trans-Java toll road open at midnight but drivers may experience bottlenecks,"The toll for the road between Jakarta and Surabaya is Rp 660,500 (US$46.41).","Trans-Java toll road to open at midnight but drivers may experience bottlenecks The toll for the road between Jakarta and Surabaya is Rp 660,500 (US$46.41).","Sentiment(polarity=0.0, subjectivity=0.5)"
3,JakartaPost,Tunnel through an Australian mountain? No problem says Elon Musk,Australia could become a test ground for another of Elon Musk's massive infrastructure projects&...,"Tunnel through an Australian mountain? No problem, says Elon Musk Australia could become a test ground for another of Elon Musk's massive infrastructure projects&...","Sentiment(polarity=0.0, subjectivity=0.0)"
4,JakartaPost,Game over Jokowi  7 percent growth target?,"Crucially, the foundation to support high growth was missing even before Jokowi came to office. Two ...","Game over for Jokowi's 7 percent growth target? Crucially, the foundation to support high growth was missing even before Jokowi came to office. Two ...","Sentiment(polarity=-0.4, subjectivity=0.4)"
5,JakartaPost,World Bank clarifies report Indonesian infrastructure,Following the current public discussion of one of its reports about Indonesia's infrastructure p...,World Bank clarifies report on Indonesian infrastructure Following the current public discussion of one of its reports about Indonesia's infrastructure p...,"Sentiment(polarity=0.0, subjectivity=0.0)"
6,JakartaPost,Outlook Happy news some sectors 2019,"The Jakarta Post takes a look at investment, infrastructure, energy, transportation, tourism and dig...","Outlook: Happy news for some sectors in 2019 The Jakarta Post takes a look at investment, infrastructure, energy, transportation, tourism and dig...","Sentiment(polarity=0.8, subjectivity=1.0)"
7,JakartaPost,Not all bad 2018 Indonesian economic review,Natural and man-made disasters overshadowed growth in tourism and the transportation sector.,Not all bad in 2018: Indonesian economic review Natural and man-made disasters overshadowed growth in tourism and the transportation sector.,"Sentiment(polarity=-0.24999999999999992, subjectivity=0.43333333333333335)"
8,JakartaPost,Open education can address Indonesia  educational inequalities,"In Indonesia open education is in initial stages, marked by lack of supporting policy and infrastruc...","Open education can address Indonesia's educational inequalities In Indonesia open education is in initial stages, marked by lack of supporting policy and infrastruc...","Sentiment(polarity=0.125, subjectivity=0.375)"
9,JakartaPost,Government shift focus from infrastructure education Papua,Education will become another focus of the government’s development plans in Indonesia’s...,Government to shift focus from infrastructure to education in Papua Education will become another focus of the government’s development plans in Indonesia’s...,"Sentiment(polarity=0.0, subjectivity=0.0)"
10,JakartaPost,Government shift focus from infrastructure education Papua,Education will become another focus of the government’s development plans in Indonesia’s...,Government to shift focus from infrastructure to education in Papua Education will become another focus of the government’s development plans in Indonesia’s...,"Sentiment(polarity=0.0, subjectivity=0.0)"
11,JakartaPost,Wika secures deals worth trillions,State-owned contractor PT Wijaya Karya (Wika) has signed several deals worth Rp 34.2 trillion (US$2....,Wika secures deals worth trillions State-owned contractor PT Wijaya Karya (Wika) has signed several deals worth Rp 34.2 trillion (US$2....,"Sentiment(polarity=0.3, subjectivity=0.1)"
12,JakartaPost,Environmentalists face greater risks amid development drive,Activists say development policies lack human rights and environmental perspectives.,Environmentalists face greater risks amid development drive Activists say development policies lack human rights and environmental perspectives.,"Sentiment(polarity=0.5, subjectivity=0.5)"
13,JakartaPost,Salient points Prabowo-Sandiaga’s plans Fair and Prosperous Indonesia,"Prabowo-Sandi has divided the platform into seven main parts: the economy, human development, food a...","Salient points in Prabowo-Sandiaga’s plans for Fair and Prosperous Indonesia Prabowo-Sandi has divided the platform into seven main parts: the economy, human development, food a...","Sentiment(polarity=0.7, subjectivity=0.9)"
14,JakartaPost,Trans-Papua road project suspended amid worsening security,Public Works and Housing Minister Basuki Hadimuljono told reporters on Tuesday the government w...,Trans-Papua road project suspended amid worsening security Public Works and Housing Minister Basuki Hadimuljono told reporters on Tuesday the government w...,"Sentiment(polarity=0.0, subjectivity=0.0)"
15,JakartaPost,Toll road connecting Jakarta Surabaya expected be ready December,"President Joko ""Jokowi"" Widodo is saying the 51-kilometer Sragen-Ngawi section of road wou...","Toll road connecting Jakarta to Surabaya expected to be ready in December President Joko ""Jokowi"" Widodo is saying the 51-kilometer Sragen-Ngawi section of road wou...","Sentiment(polarity=0.05, subjectivity=0.45)"
16,JakartaPost,Two infrastructure projects along Jakarta-Cikampek toll road postponed,"The construction of Jakarta-Cikampek II elevated toll road, meanwhile, is still ongoing.","Two infrastructure projects along Jakarta-Cikampek toll road postponed The construction of Jakarta-Cikampek II elevated toll road, meanwhile, is still ongoing.","Sentiment(polarity=0.0, subjectivity=0.0)"
17,JakartaPost,Indonesia offers infrastructure projects French investors,Head of the National Development Planning Board (Bappenas) Bambang Brodjonegoro said on Thursday the...,Indonesia offers infrastructure projects to French investors Head of the National Development Planning Board (Bappenas) Bambang Brodjonegoro said on Thursday the...,"Sentiment(polarity=0.05, subjectivity=0.0)"
18,JakartaPost,Don't use Village Fund develop infrastructure Jokowi,"President Joko “Jokowi” Widodo has called on village heads not to use the Village Fund, ...","Don't use Village Fund to develop infrastructure: Jokowi President Joko “Jokowi” Widodo has called on village heads not to use the Village Fund, ...","Sentiment(polarity=0.0, subjectivity=0.0)"
19,JakartaPost,Jokowi urges local govt tech-up,President Joko “Jokowi” Widodo said the government had distributed up to Rp 400 trillion...,Jokowi urges local govt to tech-up President Joko “Jokowi” Widodo said the government had distributed up to Rp 400 trillion...,"Sentiment(polarity=0.0, subjectivity=0.0)"
20,JakartaPost,Telkom develop infrastructure 2019,State-owned telecommunications company Telkom Indonesia is set to allocate half of its capital expen...,Telkom to develop infrastructure in 2019 State-owned telecommunications company Telkom Indonesia is set to allocate half of its capital expen...,"Sentiment(polarity=0.0, subjectivity=0.0)"
21,JakartaPost,10 more strategic projects be completed this year,The Committee for Accelerated Infrastructure Development (KPPIP) plans to complete 10 strategic proj...,10 more strategic projects to be completed this year The Committee for Accelerated Infrastructure Development (KPPIP) plans to complete 10 strategic proj...,"Sentiment(polarity=0.5, subjectivity=0.5)"
22,JakartaPost,"PREMIUM
 Reshaping logistics supply chain toward Logistics 4.0","Like other industries, transportation and logistics are currently facing immense changes and like al...","PREMIUM
 Reshaping logistics, supply chain toward Logistics 4.0 Like other industries, transportation and logistics are currently facing immense changes and like al...","Sentiment(polarity=0.0, subjectivity=0.0)"
23,JakartaPost,CSOs gather share development ideas,The numerous infrastructure projects carried out by President Joko “Jokowi” Widodo&rsquo...,"CSOs gather, share development ideas The numerous infrastructure projects carried out by President Joko “Jokowi” Widodo&rsquo...","Sentiment(polarity=0.0, subjectivity=0.0)"
24,JakartaPost,Indonesia Pavilion offers development investment culture IMF-WB delegates,The State-Owned Enterprises (SOEs) Ministry on Monday welcomed participants of the Internationa...,"Indonesia Pavilion offers development, investment, culture to IMF-WB delegates The State-Owned Enterprises (SOEs) Ministry on Monday welcomed participants of the Internationa...","Sentiment(polarity=0.1, subjectivity=0.0)"
25,JakartaPost,Mandiri rolls out Rp 165t infrastructure,State-owned lender PT Bank Mandiri has given out Rp 165 trillion (US$10.9 million) this year for inf...,Mandiri rolls out Rp 165t for infrastructure State-owned lender PT Bank Mandiri has given out Rp 165 trillion (US$10.9 million) this year for inf...,"Sentiment(polarity=0.0, subjectivity=0.0)"
26,JakartaPost,"PREMIUM
 Supporting Indonesia’s SDGs",The government is really making an effort to invest in the future by closing our infrastructure and ...,"PREMIUM
 Supporting Indonesia’s SDGs The government is really making an effort to invest in the future by closing our infrastructure and ...","Sentiment(polarity=0.25, subjectivity=0.25)"
27,JakartaPost,China  Belt and Road Initiative and Indonesia  financial security,Indonesia has been a reluctant participant in China’s Belt and Road Initiative .,China's Belt and Road Initiative and Indonesia's financial security Indonesia has been a reluctant participant in China’s Belt and Road Initiative .,"Sentiment(polarity=0.0, subjectivity=0.0)"
28,JakartaPost,The overlooked role sanitation development,"“In rural areas, where sanitation at schools is wanting, female students are more likely to be...","The overlooked role of sanitation in development “In rural areas, where sanitation at schools is wanting, female students are more likely to be...","Sentiment(polarity=0.0, subjectivity=0.0)"
29,JakartaPost,"PREMIUM
 How finance Asia  infrastructure gap",ADB report puts the infrastructure tab for 45 developing Asian countries at more than US$1.7 tr...,"PREMIUM
 How to finance Asia's infrastructure gap ADB report puts the infrastructure tab for 45 developing Asian countries at more than US$1.7 tr...","Sentiment(polarity=0.0, subjectivity=0.0)"
30,JakartaPost,Preserving legacy,"With the Asian Games over and the Asian Para Games soon to follow suit, what else can proud Jakartan...","Preserving the legacy With the Asian Games over and the Asian Para Games soon to follow suit, what else can proud Jakartan...","Sentiment(polarity=0.0, subjectivity=0.0)"
31,JakartaPost,Indonesia assist Sri Lanka infrastructure development,"Indonesia is set to assist Sri Lanka in infrastructure development, as the two countries look forwar...","Indonesia to assist Sri Lanka in infrastructure development Indonesia is set to assist Sri Lanka in infrastructure development, as the two countries look forwar...","Sentiment(polarity=0.0, subjectivity=0.0)"
32,JakartaPost,Helping out quake victims one T-shirt at a time,"A true story tells of how T-shirts in the Netherlands can rebuild a broken school in Lombok, West Nu...","Helping out quake victims one T-shirt at a time A true story tells of how T-shirts in the Netherlands can rebuild a broken school in Lombok, West Nu...","Sentiment(polarity=0.0, subjectivity=0.0)"
33,JakartaPost,China  'Silk Road' project runs into debt jam,"Sri Lanka has already paid a heavy price for being highly indebted to China. Last year, the isl...","China's 'Silk Road' project runs into debt jam Sri Lanka has already paid a heavy price for being highly indebted to China. Last year, the isl...","Sentiment(polarity=0.0, subjectivity=0.0)"
34,JakartaPost,AIIB lends $692 million Indonesian infrastructure,"The Beijing-based Asian Infrastructure Investment Bank (AIIB), which started operations in January, ...","AIIB lends $692 million to Indonesian infrastructure The Beijing-based Asian Infrastructure Investment Bank (AIIB), which started operations in January, ...","Sentiment(polarity=0.0, subjectivity=0.0)"
35,JakartaPost,Remembering Sukarno  legacy 2018 Asian Games,"Like Jokowi, Sukarno was criticized for his decision to host the Asian Games in Indonesia in 1962.&n...","Remembering Sukarno's legacy in 2018 Asian Games Like Jokowi, Sukarno was criticized for his decision to host the Asian Games in Indonesia in 1962.&n...","Sentiment(polarity=0.0, subjectivity=0.0)"
36,JakartaPost,Telkom repairs Lombok infrastructure opens aid portal quake victims,State-owned telecommunications company PT Telkom Indonesia is repairing its infrastructure that was ...,"Telkom repairs Lombok infrastructure, opens aid portal for quake victims State-owned telecommunications company PT Telkom Indonesia is repairing its infrastructure that was ...","Sentiment(polarity=0.0, subjectivity=0.0)"
37,JakartaPost,Logistics performance improves,"The LPI ranks Indonesia as the third-best performer among the lower-middle income group, after ...","Logistics performance improves The LPI ranks Indonesia as the third-best performer among the lower-middle income group, after ...","Sentiment(polarity=0.0, subjectivity=0.0)"
38,JakartaPost,Indonesia earthquake How scrap tyres could stop buildings collapsing,Low quality buildings and inadequate town planning are the two main reasons why seismic ev...,Indonesia earthquake: How scrap tyres could stop buildings collapsing Low quality buildings and inadequate town planning are the two main reasons why seismic ev...,"Sentiment(polarity=0.0, subjectivity=0.0)"
39,JakartaPost,PLN says 70 percent electricity restored Lombok,State-owned electricity company PLN has said that 70 percent of electricity infrastructure on earthq...,PLN says 70 percent of electricity restored in Lombok State-owned electricity company PLN has said that 70 percent of electricity infrastructure on earthq...,"Sentiment(polarity=0.0, subjectivity=0.0)"
40,JakartaPost,Jokowi defends his infrastructure program,President Joko “Jokowi” Widodo defended his expansive infrastructure development on Thur...,Jokowi defends his infrastructure program President Joko “Jokowi” Widodo defended his expansive infrastructure development on Thur...,"Sentiment(polarity=0.0, subjectivity=0.0)"
41,JakartaPost,Jokowi highlights achievements infrastructure welfare,"In his state-of-the-nation address before members of the People’s Consultative Assembly (MPR),...","Jokowi highlights achievements in infrastructure, welfare In his state-of-the-nation address before members of the People’s Consultative Assembly (MPR),...","Sentiment(polarity=0.0, subjectivity=0.0)"
42,JakartaPost,Italy interior minister says around 30 dead bridge collapse,"Italy's Interior Minister Matteo Salvini said Monday that ""around 30"" have been killed...","Italy interior minister says around 30 dead in bridge collapse Italy's Interior Minister Matteo Salvini said Monday that ""around 30"" have been killed...","Sentiment(polarity=-0.2, subjectivity=0.4)"
43,JakartaPost,'Immense tragedy' as Italy giant motorway bridge collapses,"A section of a giant motorway bridge collapsed Tuesday in Genoa, injuring several people in what Ita...","'Immense tragedy' as Italy giant motorway bridge collapses A section of a giant motorway bridge collapsed Tuesday in Genoa, injuring several people in what Ita...","Sentiment(polarity=0.0, subjectivity=1.0)"
44,JakartaPost,Indonesia invites Russia invest tourism infrastructure,National Development Planning Minister Bambang Brodjonegoro has invited Russian businesspeople ...,"Indonesia invites Russia to invest in tourism, infrastructure National Development Planning Minister Bambang Brodjonegoro has invited Russian businesspeople ...","Sentiment(polarity=0.0, subjectivity=0.0)"
45,JakartaPost,KPK intensifies probe into Riau power plant graft case,The Corruption Eradication Commission (KPK) is intensifying its investigation into a graft case pert...,KPK intensifies probe into Riau power plant graft case The Corruption Eradication Commission (KPK) is intensifying its investigation into a graft case pert...,"Sentiment(polarity=0.0, subjectivity=0.0)"
46,JakartaPost,"PREMIUM
 Indonesia  survival age cyber warfare","Indonesia could face more concerted attacks that could cripple critical infrastructure, public servi...","PREMIUM
 Indonesia's survival in age of cyber warfare Indonesia could face more concerted attacks that could cripple critical infrastructure, public servi...","Sentiment(polarity=0.0, subjectivity=0.0)"
47,JakartaPost,PGN-Pertagas integration strengthen gas infrastructure says Rini,The State-owned Enterprises (SOEs) Ministry has said that the integration of state-owned gas distrib...,"PGN-Pertagas integration to strengthen gas infrastructure, says Rini The State-owned Enterprises (SOEs) Ministry has said that the integration of state-owned gas distrib...","Sentiment(polarity=0.0, subjectivity=0.0)"
48,JakartaPost,Indonesia poised benefit as China  Belt and Road turns green,"Global demand for sustainable infrastructure is similarly booming, estimated to exceed $90 trillion ...","Indonesia poised to benefit as China's Belt and Road turns green Global demand for sustainable infrastructure is similarly booming, estimated to exceed $90 trillion ...","Sentiment(polarity=-0.2, subjectivity=0.3)"
49,JakartaPost,"PREMIUM
 Addressing Indonesia  green investment gap","Indonesia has begun to tap into the green bond market, both at home and overseas, to finance environ...","PREMIUM
 Addressing Indonesia's green investment gap Indonesia has begun to tap into the green bond market, both at home and overseas, to finance environ...","Sentiment(polarity=-0.2, subjectivity=0.3)"
50,JakartaPost,New Zealand tax tourists fund infrastructure,New Zealand announced plans Friday to introduce a tourist tax and increase other fees for internatio...,New Zealand to tax tourists to fund infrastructure New Zealand announced plans Friday to introduce a tourist tax and increase other fees for internatio...,"Sentiment(polarity=0.13636363636363635, subjectivity=0.45454545454545453)"
51,JakartaPost,KPK arrests 5 East Java as money reportedly changes hands,The Corruption Eradication Commission (KPK) reportedly caught five people red-handed in Bl...,KPK arrests 5 in East Java as money reportedly changes hands The Corruption Eradication Commission (KPK) reportedly caught five people red-handed in Bl...,"Sentiment(polarity=0.0, subjectivity=0.0)"
52,JakartaPost,How infrastructure development boosts growth,An independent report titled “The Impact of Indonesia’s Infrastructure Delivery&rdq...,How infrastructure development boosts growth An independent report titled “The Impact of Indonesia’s Infrastructure Delivery&rdq...,"Sentiment(polarity=0.0, subjectivity=0.0)"
53,JakartaPost,Government tries reach toll road development target,"With only a year left of President Joko “Jokowi” Widodo's term in office, the govern...","Government tries to reach toll road development target With only a year left of President Joko “Jokowi” Widodo's term in office, the govern...","Sentiment(polarity=-0.1, subjectivity=0.4)"
54,JakartaPost,Urgent supervision needed Aceh  autonomy funds,Four years after the funding was officially available by 2012 Aceh was named the second-most corrupt...,Urgent supervision needed of Aceh's autonomy funds Four years after the funding was officially available by 2012 Aceh was named the second-most corrupt...,"Sentiment(polarity=0.0, subjectivity=0.0)"
55,JakartaPost,Smart wall signifies possible new future housing,"Researchers have transformed a wall into ""smart"" and useful infrastructure that can ...","Smart wall signifies possible new future for housing Researchers have transformed a wall into ""smart"" and useful infrastructure that can ...","Sentiment(polarity=0.08766233766233766, subjectivity=0.5556006493506493)"
56,JakartaPost,Bridge collapses Tegal Central Java,"A bridge connecting Pagerbarang district and Margasari district, Tegal regency, Central Java, collap...","Bridge collapses in Tegal, Central Java A bridge connecting Pagerbarang district and Margasari district, Tegal regency, Central Java, collap...","Sentiment(polarity=0.0, subjectivity=0.25)"
57,JakartaPost,Perpetuals boost long-term infrastructure investment says minister,The National Development Planning Minister has said that the newly launched perpetual bonds (SBP) pr...,"Perpetuals to boost long-term infrastructure investment, says minister The National Development Planning Minister has said that the newly launched perpetual bonds (SBP) pr...","Sentiment(polarity=0.0, subjectivity=0.0)"
58,JakartaPost,"PREMIUM
 Jokowi  risky politics infrastructure","As a politician, Jokowi is certainly aware that the success or failure of his infrastructure project...","PREMIUM
 Jokowi's risky politics of infrastructure As a politician, Jokowi is certainly aware that the success or failure of his infrastructure project...","Sentiment(polarity=0.0, subjectivity=0.0)"
59,JakartaPost,Jokowi drop parts infrastructure projects,President Joko “Jokowi” Widodo is set to cancel some of his 245 National ...,Jokowi to drop parts of infrastructure projects President Joko “Jokowi” Widodo is set to cancel some of his 245 National ...,"Sentiment(polarity=0.0, subjectivity=0.0)"
60,JakartaPost,"PREMIUM
 Creating a legacy from 2018 Asian Games",Below are some of the steps needed to maximize legacy for Jakarta and Palembang:,"PREMIUM
 Creating a legacy from the 2018 Asian Games Below are some of the steps needed to maximize legacy for Jakarta and Palembang:","Sentiment(polarity=0.0, subjectivity=0.0)"
61,JakartaPost,Matraman underpass trial run begin April 10,The Jakarta Transportation Agency is set to conduct a trial run for the newly built Matraman underpa...,Matraman underpass trial run to begin on April 10 The Jakarta Transportation Agency is set to conduct a trial run for the newly built Matraman underpa...,"Sentiment(polarity=0.0, subjectivity=0.0)"
62,JakartaPost,"PREMIUM
 Three remarks government budget",Finance Minister Sri Mulyani Indrawati is worried that there are parties trying to provoke the publi...,"PREMIUM
 Three remarks on the government budget Finance Minister Sri Mulyani Indrawati is worried that there are parties trying to provoke the publi...","Sentiment(polarity=0.0, subjectivity=0.0)"
63,JakartaPost,S&P warns SOEs’ poor financial records,International rating agency Standard & Poor’s (S&P) Global Ratings has raised concerns...,S&P warns of SOEs’ poor financial records International rating agency Standard & Poor’s (S&P) Global Ratings has raised concerns...,"Sentiment(polarity=-0.2, subjectivity=0.3)"
64,JakartaPost,Indonesia  rapid infrastructure drive takes deadly toll,A string of fatal accidents is threatening to derail Indonesia's relentless infrastructure drive...,Indonesia's rapid infrastructure drive takes deadly toll A string of fatal accidents is threatening to derail Indonesia's relentless infrastructure drive...,"Sentiment(polarity=-0.2, subjectivity=0.4)"
65,JakartaPost,"Jokowi’s 35,000 MW program only reaches 3.8 percent progress","The government revealed that the progress of its flagship 35,000-megawatt (MW) electricity procureme...","Jokowi’s 35,000 MW program only reaches 3.8 percent progress The government revealed that the progress of its flagship 35,000-megawatt (MW) electricity procureme...","Sentiment(polarity=0.0, subjectivity=1.0)"
66,JakartaPost,Halltekamp Bridge be completed despite suspension,West Papua’s capital of Jayapura will soon have a new icon as the construction of Halltekamp S...,Halltekamp Bridge to be completed despite suspension West Papua’s capital of Jayapura will soon have a new icon as the construction of Halltekamp S...,"Sentiment(polarity=0.0, subjectivity=0.0)"
67,JakartaPost,Pushing boundaries waqf financing Indonesia,Sukuk financing is gaining more attention due to the successful and out-of-the box way of thinking b...,Pushing boundaries of waqf financing in Indonesia Sukuk financing is gaining more attention due to the successful and out-of-the box way of thinking b...,"Sentiment(polarity=0.0, subjectivity=0.0)"
68,JakartaPost,Indonesia offers infrastructure projects global investors,State-Owned Enterprises (SOE) Minister Rini Soemarno has invited investors from a number of countrie...,Indonesia offers infrastructure projects to global investors State-Owned Enterprises (SOE) Minister Rini Soemarno has invited investors from a number of countrie...,"Sentiment(polarity=0.05, subjectivity=0.0)"
69,JakartaPost,"PREMIUM
 The CID is back with a way spur growth",The CID raised the issue of the underperformance of Indonesian economic growth compared to several o...,"PREMIUM
 The CID is back with a way to spur growth The CID raised the issue of the underperformance of Indonesian economic growth compared to several o...","Sentiment(polarity=0.0, subjectivity=0.0)"
70,JakartaPost,OJK simplifies regional bond procedures,The Financial Services Authority (OJK) has simplified the procedures for regional governments to sel...,OJK simplifies regional bond procedures The Financial Services Authority (OJK) has simplified the procedures for regional governments to sel...,"Sentiment(polarity=0.0, subjectivity=0.0)"
71,JakartaPost,"PREMIUM
 Accelerating infrastructure development",The development of modern infrastructure is thus a way to ensure a competitive advantage in a highly...,"PREMIUM
 Accelerating infrastructure development The development of modern infrastructure is thus a way to ensure a competitive advantage in a highly...","Sentiment(polarity=0.0, subjectivity=0.0)"
72,JakartaPost,Lake Toba needs Rp 21t total investment,Toba Lake and its surrounding areas in North Sumatra need Rp 21 trillion (US$1.55 billion) to equip ...,Lake Toba needs Rp 21t total investment Toba Lake and its surrounding areas in North Sumatra need Rp 21 trillion (US$1.55 billion) to equip ...,"Sentiment(polarity=0.0, subjectivity=0.75)"
73,JakartaPost,EDITORIAL Japan  Patimban certainty,"The project is not only strategic in terms of the economy, but also crucial for the continuation of ...","EDITORIAL: Japan's Patimban certainty The project is not only strategic in terms of the economy, but also crucial for the continuation of ...","Sentiment(polarity=0.0, subjectivity=0.0)"
74,JakartaPost,Infrastructure development continues despite no traffic analysis,"Jakarta Transportation Agency head Andri Yansyah said although it had no traffic impact analysis, th...","Infrastructure development continues despite no traffic analysis Jakarta Transportation Agency head Andri Yansyah said although it had no traffic impact analysis, th...","Sentiment(polarity=0.0, subjectivity=0.0)"
75,JakartaPost,Jokowi ex-Japan PM Yasuo Fukuda discuss infrastructure projects,President Joko Widodo received on Friday at the State Palace former Japanese prime ministe...,"Jokowi, ex-Japan PM Yasuo Fukuda discuss infrastructure projects President Joko Widodo received on Friday at the State Palace former Japanese prime ministe...","Sentiment(polarity=0.0, subjectivity=0.0)"
76,JakartaPost,EDITORIAL Coopting local governments,Undisbursed budget funds affect development not merely because of the deferred injection of funds in...,EDITORIAL: Coopting local governments Undisbursed budget funds affect development not merely because of the deferred injection of funds in...,"Sentiment(polarity=0.0, subjectivity=0.0)"
77,JakartaPost,Asia faces air travel infrastructure 'crisis' IATA,The Asia-Pacific region must urgently step up investment in infrastructure to meet rapidly increasin...,Asia faces air travel infrastructure 'crisis': IATA The Asia-Pacific region must urgently step up investment in infrastructure to meet rapidly increasin...,"Sentiment(polarity=0.0, subjectivity=0.0)"
78,JakartaPost,LRT crane falls shop Kelapa Gading,A construction crane that was used to build light rail transit (LRT) Corridor 1 Kelapa Gading-Rawama...,LRT crane falls on shop in Kelapa Gading A construction crane that was used to build light rail transit (LRT) Corridor 1 Kelapa Gading-Rawama...,"Sentiment(polarity=0.0, subjectivity=0.0)"
79,JakartaPost,"PREMIUM
 Jokowi moves burnish govt image",President Joko “Jokowi” Widodo appears to have become more aggressive in highlighting hi...,"PREMIUM
 Jokowi moves to burnish govt image President Joko “Jokowi” Widodo appears to have become more aggressive in highlighting hi...","Sentiment(polarity=0.0, subjectivity=0.0)"
80,JakartaPost,PLN still struggling boost electricity sales,State electricity firm PLN is still struggling to boost its electricity sales volume amid mounting f...,PLN still struggling to boost electricity sales State electricity firm PLN is still struggling to boost its electricity sales volume amid mounting f...,"Sentiment(polarity=0.0, subjectivity=0.0)"
81,JakartaPost,Sumatra get Rp20t infrastructure projects next year,The government plans to carry out various infrastructure projects on Sumatra Island next year by all...,Sumatra to get Rp20t for infrastructure projects next year The government plans to carry out various infrastructure projects on Sumatra Island next year by all...,"Sentiment(polarity=0.0, subjectivity=0.0)"
82,JakartaPost,EDITORIAL State versus private companies,"The impression of SOE dominance especially in infrastructure development is inevitable, because this...","EDITORIAL: State versus private companies The impression of SOE dominance especially in infrastructure development is inevitable, because this...","Sentiment(polarity=0.0, subjectivity=0.375)"
83,JakartaPost,EDITORIAL Hurdles free highway,"Imposing fees on e-Toll top-ups could hinder the development of a cashless society, which has been a...","EDITORIAL: Hurdles to the free highway Imposing fees on e-Toll top-ups could hinder the development of a cashless society, which has been a...","Sentiment(polarity=0.4, subjectivity=0.8)"
84,JakartaPost,"PREMIUM
 Indonesia upbeat over infrastructure",State-Owned Enterprises (SOEs) Minister Rini Soemarno can now exhale as the BawenSalatiga toll road ...,"PREMIUM
 Indonesia upbeat over infrastructure State-Owned Enterprises (SOEs) Minister Rini Soemarno can now exhale as the BawenSalatiga toll road ...","Sentiment(polarity=0.0, subjectivity=0.0)"
85,JakartaPost,"PREMIUM
 EU-ASEAN Strengthening connectivity",There are estimations that the world needs to invest an average of US$3.3 trillion in infrastructure...,"PREMIUM
 EU-ASEAN: Strengthening connectivity There are estimations that the world needs to invest an average of US$3.3 trillion in infrastructure...","Sentiment(polarity=0.0, subjectivity=0.0)"
86,JakartaPost,"PREMIUM
 Asia  next infrastructure boom","The demand for infrastructure across Asia and the Pacific far outstrips current supply, according to...","PREMIUM
 Asia's next infrastructure boom The demand for infrastructure across Asia and the Pacific far outstrips current supply, according to...","Sentiment(polarity=0.0, subjectivity=0.0)"
87,JakartaPost,"Saudi build 1,000-mile Red Sea-Gulf railway","Saudi Arabia plans to seek bidders for the construction of a 1,000-mile (1,600-kilometer) railroad l...","Saudi to build 1,000-mile Red Sea-Gulf railway Saudi Arabia plans to seek bidders for the construction of a 1,000-mile (1,600-kilometer) railroad l...","Sentiment(polarity=0.0, subjectivity=0.0)"
88,JakartaPost,"PREMIUM
 Connectivity a challenge global e-commerce",There are wide gaps in development despite Asian countries’ efforts in pushing information com...,"PREMIUM
 Connectivity a challenge for global e-commerce There are wide gaps in development despite Asian countries’ efforts in pushing information com...","Sentiment(polarity=0.0, subjectivity=0.0)"
89,JakartaPost,Jokowi  bike Where are lanes?,President Joko “Jokowi” Widodo’s habit to give away bicycles to some students and ...,Jokowi's bike: Where are the lanes? President Joko “Jokowi” Widodo’s habit to give away bicycles to some students and ...,"Sentiment(polarity=0.0, subjectivity=0.0)"
90,JakartaPost,"PREMIUM
 Rp 172 trillion fund Indonesian development",Let’s assume that 150 richest tycoons in Indonesia could voluntarily donate 10 percent of thei...,"PREMIUM
 Rp 172 trillion fund for Indonesian development Let’s assume that 150 richest tycoons in Indonesia could voluntarily donate 10 percent of thei...","Sentiment(polarity=0.0, subjectivity=0.0)"
91,JakartaPost,Bogor regency has highest number damaged schools,"Bogor regency is home to the highest number of damaged schools in Indonesia, due largely to an insuf...","Bogor regency has highest number of damaged schools Bogor regency is home to the highest number of damaged schools in Indonesia, due largely to an insuf...","Sentiment(polarity=0.0, subjectivity=0.0)"
92,JakartaPost,Papua’s development not only about infrastructure JDP leader,Prioritizing only infrastructure will not be enough in developing Papua and must be balanced with th...,Papua’s development not only about infrastructure: JDP leader Prioritizing only infrastructure will not be enough in developing Papua and must be balanced with th...,"Sentiment(polarity=0.0, subjectivity=1.0)"
93,JakartaPost,"PREMIUM
 Digital infrastructure our future smart cities","Anything that can be connected, will be connected.","PREMIUM
 Digital infrastructure of our future smart cities Anything that can be connected, will be connected.","Sentiment(polarity=0.07142857142857142, subjectivity=0.255952380952381)"
94,JakartaPost,Hipmi calls focus spending eastern Indonesia,Indonesian Young Entrepreneurs Association (Hipmi) chairman Bahlil Lahadalia says he appreciates the...,Hipmi calls for focus spending on eastern Indonesia Indonesian Young Entrepreneurs Association (Hipmi) chairman Bahlil Lahadalia says he appreciates the...,"Sentiment(polarity=0.0, subjectivity=0.0)"
95,JakartaPost,"PREMIUM
 Good intentions alone are not enough",One of President Joko “Jokowi” Widodo’s hallmark campaign promises was the acceler...,"PREMIUM
 Good intentions alone are not enough One of President Joko “Jokowi” Widodo’s hallmark campaign promises was the acceler...","Sentiment(polarity=0.35, subjectivity=0.55)"
96,JakartaPost,Jokowi inaugurates new Semanggi overpass Independence Day,"President Joko ""Jokowi"" Widodo is expected to join Jakarta Governor Djarot Syaiful Hidayat...","Jokowi inaugurates new Semanggi overpass on Independence Day President Joko ""Jokowi"" Widodo is expected to join Jakarta Governor Djarot Syaiful Hidayat...","Sentiment(polarity=0.13636363636363635, subjectivity=0.45454545454545453)"
97,JakartaPost,Voter turnout will drop if House insists bigger budget Expert,The 2019 legislative election will likely see a lower voter turnout if the House of Representatives ...,Voter turnout will drop if House insists on bigger budget: Expert The 2019 legislative election will likely see a lower voter turnout if the House of Representatives ...,"Sentiment(polarity=0.0, subjectivity=0.5)"
98,JakartaPost,"PREMIUM
 Indonesia 'Twin deficits' still a brake high growth ambitions",Indonesia has basically stuck to the confines of the wellworn trade-off between maintaining stabilit...,"PREMIUM
 Indonesia: 'Twin deficits' still a brake on high growth ambitions Indonesia has basically stuck to the confines of the wellworn trade-off between maintaining stabilit...","Sentiment(polarity=0.16, subjectivity=0.5399999999999999)"
99,JakartaPost,"PREMIUM
 ASEAN  golden age infrastructure-backed growth",ASEAN marked its 50th anniversary with pledge to double infrastructure investments to more than US$7...,"PREMIUM
 ASEAN's golden age for infrastructure-backed growth ASEAN marked its 50th anniversary with pledge to double infrastructure investments to more than US$7...","Sentiment(polarity=0.3, subjectivity=0.5)"
100,JakartaPost,ICMI supports use haj fund infrastructure projects,The Indonesian Muslim Intellectuals Association (ICMI) has supported the government's initiative...,ICMI supports use of haj fund for infrastructure projects The Indonesian Muslim Intellectuals Association (ICMI) has supported the government's initiative...,"Sentiment(polarity=0.0, subjectivity=0.0)"
101,JakartaPost,"PREMIUM
 Investing haj funds complying with sharia",The President wants the BPKH to invest the funds in infrastructure projects as the government does n...,"PREMIUM
 Investing haj funds, complying with sharia The President wants the BPKH to invest the funds in infrastructure projects as the government does n...","Sentiment(polarity=0.0, subjectivity=0.0)"
102,JakartaPost,"PREMIUM
 China  infrastructure diplomacy Indonesia",Sino-Indonesian relations are one of the best — if not the best — case study for infrast...,"PREMIUM
 China's infrastructure diplomacy in Indonesia Sino-Indonesian relations are one of the best — if not the best — case study for infrast...","Sentiment(polarity=0.0, subjectivity=0.0)"
103,JakartaPost,EDITORIAL Haj fund infrastructure,Almost 40 percent of the haj funds have been invested in sukuk and project-based sukuk since 2010 un...,EDITORIAL: Haj fund for infrastructure Almost 40 percent of the haj funds have been invested in sukuk and project-based sukuk since 2010 un...,"Sentiment(polarity=0.0, subjectivity=0.0)"
104,JakartaPost,Investing haj fund infrastructure is more profitable Minister,"To support President Joko ""Jokowi"" Widodo's idea on the use of haj fund, Coordinating ...","Investing haj fund in infrastructure is more profitable: Minister To support President Joko ""Jokowi"" Widodo's idea on the use of haj fund, Coordinating ...","Sentiment(polarity=0.5, subjectivity=0.5)"
105,JakartaPost,"PREMIUM
 Toward efficient infrastructure financing","Who should build it? And, how should it be financed?","PREMIUM
 Toward efficient infrastructure financing Who should build it? And, how should it be financed?","Sentiment(polarity=0.0, subjectivity=0.0)"
106,JakartaPost,Domination SOEs undermines infrastructure investment WB,The World Bank has raised concerns over the domination of state-owned enterprises (SOEs) in Indonesi...,Domination of SOEs undermines infrastructure investment: WB The World Bank has raised concerns over the domination of state-owned enterprises (SOEs) in Indonesi...,"Sentiment(polarity=0.0, subjectivity=0.0)"
107,JakartaPost,On jungle roads Jokowi reboots with eye 2019 Indonesia vote,"Sitting on a Kawasaki dirt bike with a camera fastened to his helmet, Indonesia President Joko Widod...","On jungle roads, Jokowi reboots with eye on 2019 Indonesia vote Sitting on a Kawasaki dirt bike with a camera fastened to his helmet, Indonesia President Joko Widod...","Sentiment(polarity=0.0, subjectivity=0.0)"
108,JakartaPost,Indonesia offers investment opportunities China,Maritime Coordinating Minister Luhut Binsar Pandjaitan has offered investment opportunities in infra...,Indonesia offers investment opportunities to China Maritime Coordinating Minister Luhut Binsar Pandjaitan has offered investment opportunities in infra...,"Sentiment(polarity=0.1, subjectivity=0.0)"
109,JakartaPost,Unlocking infrastructure financing problems with sukuk,Non-Muslim nations have tapped into the Sukuk market to finance infrastructure projects.,Unlocking the infrastructure financing problems with sukuk Non-Muslim nations have tapped into the Sukuk market to finance infrastructure projects.,"Sentiment(polarity=0.0, subjectivity=0.0)"
110,JakartaPost,"PREMIUM
 A Pancasila discussion","Where are we on infrastructure, education, food production, logistics, urbanization, ASEAN and globa...","PREMIUM
 A Pancasila discussion Where are we on infrastructure, education, food production, logistics, urbanization, ASEAN and globa...","Sentiment(polarity=0.0, subjectivity=0.0)"
111,JakartaPost,Jokowi updates road development West Kalimantan via Vlog,Tech-savvy President Joko “Jokowi” Widodo has released a new vlog to provide an update o...,Jokowi updates road development in West Kalimantan via Vlog Tech-savvy President Joko “Jokowi” Widodo has released a new vlog to provide an update o...,"Sentiment(polarity=0.0, subjectivity=0.0)"
112,JakartaPost,PLN issue bonds and sukuk worth Rp10 trillion,State electricity company PT Perusahaan Listrik Negara (PLN) plans to issue conventional bonds worth...,PLN to issue bonds and sukuk worth Rp10 trillion State electricity company PT Perusahaan Listrik Negara (PLN) plans to issue conventional bonds worth...,"Sentiment(polarity=0.3, subjectivity=0.1)"
113,JakartaPost,Bank Mandiri provides Rp 1.5 trillion loan facility IIF,State-owned lender Bank Mandiri disbursed on Wednesday an Rp 1.5 trillion (US$112.65 million) loan f...,Bank Mandiri provides Rp 1.5 trillion loan facility to IIF State-owned lender Bank Mandiri disbursed on Wednesday an Rp 1.5 trillion (US$112.65 million) loan f...,"Sentiment(polarity=0.0, subjectivity=0.0)"
114,JakartaPost,"PREMIUM
 SOEs threaten private firms",When the current administration rolled out the idea of spurring robust infrastructure development ac...,"PREMIUM
 SOEs threaten private firms When the current administration rolled out the idea of spurring robust infrastructure development ac...","Sentiment(polarity=0.0, subjectivity=0.375)"
115,JakartaPost,"PREMIUM
 Indonesia bank ‘Silk Road’ revival",President Joko “Jokowi” Widodo’s ambitious infrastructure development program seem...,"PREMIUM
 Indonesia to bank on ‘Silk Road’ revival President Joko “Jokowi” Widodo’s ambitious infrastructure development program seem...","Sentiment(polarity=0.0, subjectivity=0.0)"
116,JakartaPost,Children risk life achieve dreams,"In order for the children to get to their school, they need to cross the Kambaniru River, which is i...","Children risk life to achieve dreams In order for the children to get to their school, they need to cross the Kambaniru River, which is i...","Sentiment(polarity=0.0, subjectivity=0.0)"
117,JakartaPost,Jokowi seeks infrastructure investors at China summit,President Joko “Jokowi” Widodo is scheduled to attend the Belt and Road Forum in Beijing...,Jokowi seeks infrastructure investors at China summit President Joko “Jokowi” Widodo is scheduled to attend the Belt and Road Forum in Beijing...,"Sentiment(polarity=0.0, subjectivity=0.0)"
118,JakartaPost,State-run construction firm Wika sees soaring net profits Q1,State-owned construction firm PT Wijaya Karya (Wika) booked strong business growth during the first ...,State-run construction firm Wika sees soaring net profits in Q1 State-owned construction firm PT Wijaya Karya (Wika) booked strong business growth during the first ...,"Sentiment(polarity=-0.1, subjectivity=0.2)"
119,JakartaPost,Indonesia may get Rp 55t investment commitment from Malaysia,A dozen Malaysian companies have expressed interest in sinking some Rp 55 trillion (US4.14 billion) ...,Indonesia may get Rp 55t investment commitment from Malaysia A dozen Malaysian companies have expressed interest in sinking some Rp 55 trillion (US4.14 billion) ...,"Sentiment(polarity=0.0, subjectivity=0.0)"
120,JakartaPost,"PREMIUM
 Infrastructure-related asset-backed securities need clear regulations","To expand the market and achieve its ultimate goal of plugging the infrastructure financing gap, mor...","PREMIUM
 Infrastructure-related asset-backed securities need clear regulations To expand the market and achieve its ultimate goal of plugging the infrastructure financing gap, mor...","Sentiment(polarity=0.10000000000000002, subjectivity=0.3833333333333333)"
121,JakartaPost,SMI inks US$1 billion deal with IDB,State-owned infrastructure financing company PT Sarana Multi Infrastruktur (SMI) has signed a memora...,SMI inks US$1 billion deal with IDB State-owned infrastructure financing company PT Sarana Multi Infrastruktur (SMI) has signed a memora...,"Sentiment(polarity=0.0, subjectivity=0.0)"
122,JakartaPost,Infrastructure remains obstacle one-fuel price policy Pertamina,The country’s lack of infrastructure remains the bane of the government’s mission to imp...,Infrastructure remains obstacle for one-fuel price policy: Pertamina The country’s lack of infrastructure remains the bane of the government’s mission to imp...,"Sentiment(polarity=0.0, subjectivity=0.0)"
123,JakartaPost,Government keeps revising rules lure infrastructure investment,"As the government has a limited budget to fund infrastructure development, it continues to work on n...","Government keeps revising rules to lure infrastructure investment As the government has a limited budget to fund infrastructure development, it continues to work on n...","Sentiment(polarity=0.0, subjectivity=0.0)"
124,JakartaPost,Jokowi orders acceleration Asiad infrastructure projects,President Joko “Jokowi” Widodo has ordered all relevant parties to speed up the completi...,Jokowi orders acceleration of Asiad infrastructure projects President Joko “Jokowi” Widodo has ordered all relevant parties to speed up the completi...,"Sentiment(polarity=0.0, subjectivity=0.0)"
125,JakartaPost,Singapore tops Tokyo as Asia  city with best quality living,"Singapore tops the ranks in Asia as the city with the best quality of living, well ahead of Tokyo an...","Singapore tops Tokyo as Asia's city with best quality of living Singapore tops the ranks in Asia as the city with the best quality of living, well ahead of Tokyo an...","Sentiment(polarity=1.0, subjectivity=0.3)"
126,JakartaPost,Singapore ranks first city infrastructure global survey,Singapore has topped a ranking of more than 200 cities around the world in terms of offering the bes...,Singapore ranks first for city infrastructure in global survey Singapore has topped a ranking of more than 200 cities around the world in terms of offering the bes...,"Sentiment(polarity=0.125, subjectivity=0.16666666666666666)"
127,JakartaPost,Tangerang have sports center next year,"Residents of Tangerang, Banten, will soon have a dedicated venue for physical exercise as the city a...","Tangerang to have sports center next year Residents of Tangerang, Banten, will soon have a dedicated venue for physical exercise as the city a...","Sentiment(polarity=-0.05, subjectivity=0.05)"
128,JakartaPost,Govt TNI team up build villages,The Public Works and Public Housing Ministry and the Indonesian Military (TNI) are cooperating to im...,"Govt, TNI team up to build villages The Public Works and Public Housing Ministry and the Indonesian Military (TNI) are cooperating to im...","Sentiment(polarity=0.0, subjectivity=0.0)"
129,JakartaPost,Industry Ministry proposes Tanah Kuning Industrial Estate as national strategic project,The Industry Ministry has proposed that Tanah Kuning Industrial Estate in North Kalimantan be listed...,Industry Ministry proposes Tanah Kuning Industrial Estate as national strategic project The Industry Ministry has proposed that Tanah Kuning Industrial Estate in North Kalimantan be listed...,"Sentiment(polarity=0.0, subjectivity=0.0)"
130,JakartaPost,Vehicles rerouted after section Bandung-Cirebon road collapses,"A 75-meter stretch of a road connecting Bandung and Cirebon in West Java has collapsed, cutting...","Vehicles rerouted after section of Bandung-Cirebon road collapses A 75-meter stretch of a road connecting Bandung and Cirebon in West Java has collapsed, cutting...","Sentiment(polarity=0.0, subjectivity=0.0)"
131,JakartaPost,Private sector urged invest infrastructure,Private companies taking part in infrastructure development is highly important because of the state...,Private sector urged to invest in infrastructure Private companies taking part in infrastructure development is highly important because of the state...,"Sentiment(polarity=0.0, subjectivity=0.375)"
132,JakartaPost,Trans-Java toll road project boosts non-state funding model,The trans-Java toll road has come up as the first project to reach financial closure under the non-s...,Trans-Java toll road project boosts non-state funding model The trans-Java toll road has come up as the first project to reach financial closure under the non-s...,"Sentiment(polarity=0.0, subjectivity=0.0)"
133,JakartaPost,Government turns LRT contractor funding,"It initially planned to use the state budget to finance the project, but further cuts to the state b...","Government turns to LRT contractor for funding It initially planned to use the state budget to finance the project, but further cuts to the state b...","Sentiment(polarity=0.0, subjectivity=0.0)"
134,JakartaPost,IDB approves $488 million financing Indonesia,The Jeddah-based Islamic Development Bank (IDB) last weekend approved a financing deal worth US$488 ...,IDB approves $488 million in financing for Indonesia The Jeddah-based Islamic Development Bank (IDB) last weekend approved a financing deal worth US$488 ...,"Sentiment(polarity=0.0, subjectivity=0.0)"
135,JakartaPost,"PREMIUM
 Recognizing benefit asset recycling","Realizing the state budget’s capacity is still limited due to a high deficit ceiling, the priv...","PREMIUM
 Recognizing the benefit of asset recycling Realizing the state budget’s capacity is still limited due to a high deficit ceiling, the priv...","Sentiment(polarity=0.0, subjectivity=0.0)"
136,JakartaPost,KPK investigates ‘fictitious road’ Papua,The Corruption Eradication Commission (KPK) is looking into possible corruption involving a reported...,KPK investigates ‘fictitious road’ in Papua The Corruption Eradication Commission (KPK) is looking into possible corruption involving a reported...,"Sentiment(polarity=0.0, subjectivity=0.0)"
137,JakartaPost,Central Java have toll roads soon cut down traveling time,"Currently under construction, the toll road connecting Central Java’s capital of Semarang with...","Central Java to have toll roads soon to cut down traveling time Currently under construction, the toll road connecting Central Java’s capital of Semarang with...","Sentiment(polarity=-0.07777777777777779, subjectivity=0.2694444444444445)"
138,JakartaPost,Govt. finish revised strategic project list next week,"The government expects to finish the revised list of national strategic projects next week, a move t...","Govt. to finish revised strategic project list next week The government expects to finish the revised list of national strategic projects next week, a move t...","Sentiment(polarity=0.0, subjectivity=0.0)"
139,JakartaPost,World Bank projects higher growth Indonesia calls better spending,Effective spending along with reform in fiscal policy and the investment climate will help Indonesia...,"World Bank projects higher growth for Indonesia, calls for better spending Effective spending along with reform in fiscal policy and the investment climate will help Indonesia...","Sentiment(polarity=0.375, subjectivity=0.5)"
140,JakartaPost,Indonesia sees Japan as model infrastructure development,"The government has high hopes that Japan will help to boost national development in various sectors,...","Indonesia sees Japan as model for infrastructure development The government has high hopes that Japan will help to boost national development in various sectors,...","Sentiment(polarity=0.0, subjectivity=0.0)"
141,JakartaPost,More teaching volunteers needed Indonesia  rural remote schools,"About 200 kilometers from the city of Merauke, Papua, there is a village named Bupul located at the ...","More teaching volunteers needed in Indonesia's rural, remote schools About 200 kilometers from the city of Merauke, Papua, there is a village named Bupul located at the ...","Sentiment(polarity=0.13333333333333333, subjectivity=0.2333333333333333)"
142,JakartaPost,Poor infrastructure outside Java impedes KFC expansion,Poor infrastructure in secondary cities has created a hurdle for the expansion of Kentucky Fried Chi...,Poor infrastructure outside Java impedes KFC expansion Poor infrastructure in secondary cities has created a hurdle for the expansion of Kentucky Fried Chi...,"Sentiment(polarity=-0.2, subjectivity=0.325)"
143,JakartaPost,Transportation Ministry focus research infrastructure,The Transportation Ministry’s research and development department’s program for next yea...,Transportation Ministry to focus research on infrastructure The Transportation Ministry’s research and development department’s program for next yea...,"Sentiment(polarity=0.0, subjectivity=0.0)"
144,JakartaPost,Indonesia should make land acquisitions more transparent and participative,"To improve Indonesia’s economy, President Joko Widodo has made infrastructure development &nda...","Indonesia should make land acquisitions more transparent and participative To improve Indonesia’s economy, President Joko Widodo has made infrastructure development &nda...","Sentiment(polarity=0.5, subjectivity=0.5)"
145,JakartaPost,Regional issues may thwart infrastructure spending,Regional administrations may face challenges in implementing an upcoming rule to boost infrastructur...,Regional issues may thwart infrastructure spending Regional administrations may face challenges in implementing an upcoming rule to boost infrastructur...,"Sentiment(polarity=0.0, subjectivity=0.0)"
146,JakartaPost,Indonesia explores opportunities brownfield investments,"Indonesia is planning to open up state-owned run infrastructure, such as toll roads, to private inve...","Indonesia explores opportunities in brownfield investments Indonesia is planning to open up state-owned run infrastructure, such as toll roads, to private inve...","Sentiment(polarity=0.0, subjectivity=0.0)"
147,JakartaPost,Certainty sought lure investors Indonesian infrastructure projects,Indonesia needs to convince investors that its infrastructure projects could run in a structured man...,Certainty sought to lure investors for Indonesian infrastructure projects Indonesia needs to convince investors that its infrastructure projects could run in a structured man...,"Sentiment(polarity=0.0, subjectivity=0.0)"
148,JakartaPost,Indonesia holds key future ASEAN physical connectivity,Indonesia holds the key to the future of ASEAN’s physical connectivity as the 10-member associ...,Indonesia holds key to future of ASEAN physical connectivity Indonesia holds the key to the future of ASEAN’s physical connectivity as the 10-member associ...,"Sentiment(polarity=0.0, subjectivity=0.4226190476190476)"
149,JakartaPost,Mega projects expected drive Indonesian market 2017,The construction market will have to continue relying on the government’s ambitious effort to ...,Mega projects expected to drive Indonesian market in 2017 The construction market will have to continue relying on the government’s ambitious effort to ...,"Sentiment(polarity=-0.1, subjectivity=0.4)"
150,JakartaPost,Ministry seeks optimize assets accelerate projects,The Public Works and Public Housing Ministry is looking to optimally use state assets under its mana...,Ministry seeks to optimize assets to accelerate projects The Public Works and Public Housing Ministry is looking to optimally use state assets under its mana...,"Sentiment(polarity=0.0, subjectivity=0.0)"
151,JakartaPost,Hutama Karya eyes US$499 million from bond,State-owned construction company Hutama Karya will issue Rp 6.5 trillion (US$499.71 million) of a bo...,Hutama Karya eyes US$499 million from bond State-owned construction company Hutama Karya will issue Rp 6.5 trillion (US$499.71 million) of a bo...,"Sentiment(polarity=0.0, subjectivity=0.0)"
152,JakartaPost,Jokowi’s second year challenge fiscal side,"Forget the mumbo jumbo speculation on the impact of external effects on the Indonesian economy, as t...","Jokowi’s second year: the challenge on the fiscal side Forget the mumbo jumbo speculation on the impact of external effects on the Indonesian economy, as t...","Sentiment(polarity=0.0, subjectivity=0.0)"
153,JakartaPost,Japan pledges support Indonesian infrastructure development,Efforts to boost infrastructure development will get another push after Japan Bank for International...,Japan pledges support for Indonesian infrastructure development Efforts to boost infrastructure development will get another push after Japan Bank for International...,"Sentiment(polarity=0.0, subjectivity=0.0)"
154,JakartaPost,Jokowi after two years A mixed record,The administration of the former president Susilo Bambang Yudhoyono deliberated policy ad-nauseum. I...,Jokowi after two years: A mixed record The administration of the former president Susilo Bambang Yudhoyono deliberated policy ad-nauseum. I...,"Sentiment(polarity=0.0, subjectivity=0.25)"
155,JakartaPost,Jokowi launches electricity projects Papua West Papua,"President Joko “Jokowi” Widodo inaugurated several infrastructure projects, including si...","Jokowi launches electricity projects in Papua, West Papua President Joko “Jokowi” Widodo inaugurated several infrastructure projects, including si...","Sentiment(polarity=0.0, subjectivity=0.0)"
156,JakartaPost,Indonesia struggles achieve infrastructure target,"In the past, having a decent house was merely a dream for Dersinah, 51. Working as a farmer with an ...","Indonesia struggles to achieve infrastructure target In the past, having a decent house was merely a dream for Dersinah, 51. Working as a farmer with an ...","Sentiment(polarity=0.0, subjectivity=0.0)"
157,JakartaPost,Government build more roads border areas,The Public Works and Public Housing Ministry has vowed to focus state budget spending next year on r...,Government to build more roads in border areas The Public Works and Public Housing Ministry has vowed to focus state budget spending next year on r...,"Sentiment(polarity=0.5, subjectivity=0.5)"
158,JakartaPost,Jokowi Ahok inspect city’s major projects,"Only days after being rebuked for breaking his promise to not carry out forced evictions in Jakarta,...","Jokowi, Ahok inspect city’s major projects Only days after being rebuked for breaking his promise to not carry out forced evictions in Jakarta,...","Sentiment(polarity=0.0625, subjectivity=0.5)"
159,JakartaPost,VP calls quality sustainability electricity development,Vice President Jusuf Kalla says Indonesia’s electricity development should not merely focus on...,"VP calls for quality, sustainability in electricity development Vice President Jusuf Kalla says Indonesia’s electricity development should not merely focus on...","Sentiment(polarity=0.0, subjectivity=0.0)"
160,JakartaPost,Jokowi’s vision jacks up August cement consumption,"After a tough year, the cement industry has started to see the light. The vigorous development of in...","Jokowi’s vision jacks up August cement consumption After a tough year, the cement industry has started to see the light. The vigorous development of in...","Sentiment(polarity=0.0, subjectivity=0.0)"
161,JakartaPost,Waskita Precast earmarks Rp 4t expansion outside Java,Precast concrete producer Waskita Beton Precast has allocated Rp 4 trillion (US$304.18 million) for ...,Waskita Precast earmarks Rp 4t for expansion outside Java Precast concrete producer Waskita Beton Precast has allocated Rp 4 trillion (US$304.18 million) for ...,"Sentiment(polarity=0.0, subjectivity=0.05)"
162,JakartaPost,Asset securitization infrastructure financing,"After a sluggish growth period, the asset securitization market in Indonesia may see new potential t...","Asset securitization for infrastructure financing After a sluggish growth period, the asset securitization market in Indonesia may see new potential t...","Sentiment(polarity=0.0, subjectivity=0.0)"
163,JakartaPost,Maybank Indonesia pessimistic over double digit credit growth 2017,Lender Maybank Indonesia is pessimistic over credit growth next year and has said the double digit g...,Maybank Indonesia pessimistic over double digit credit growth in 2017 Lender Maybank Indonesia is pessimistic over credit growth next year and has said the double digit g...,"Sentiment(polarity=0.0, subjectivity=0.0)"
164,JakartaPost,Islamic financing alternative funding infrastructure Maybank,Lender Maybank Indonesia has called on the Indonesian government to promote Islamic financing as an ...,Islamic financing alternative funding for infrastructure: Maybank Lender Maybank Indonesia has called on the Indonesian government to promote Islamic financing as an ...,"Sentiment(polarity=0.0, subjectivity=0.0)"
165,JakartaPost,Oblige gas traders build infrastructure lower prices Analysts,The government must oblige traders to build infrastructure to help reduce gas prices for industry am...,Oblige gas traders to build infrastructure to lower prices: Analysts The government must oblige traders to build infrastructure to help reduce gas prices for industry am...,"Sentiment(polarity=0.0, subjectivity=0.0)"
166,JakartaPost,Projects limbo after state budget cuts,The second round of state budget cuts may lead to delayed infrastructure projects and lower economic...,Projects in limbo after state budget cuts The second round of state budget cuts may lead to delayed infrastructure projects and lower economic...,"Sentiment(polarity=0.0, subjectivity=0.0)"
167,JakartaPost,Proportion financially illiterate Indonesians at 80% due infrastructure gap,"President Joko ""Jokowi"" Widodo has expressed his concern over the lack of infrastructure i...","Proportion of financially illiterate Indonesians at 80% due to infrastructure gap President Joko ""Jokowi"" Widodo has expressed his concern over the lack of infrastructure i...","Sentiment(polarity=-0.0625, subjectivity=0.1875)"
168,JakartaPost,Experts warn against relaxing KLB rules,The city administration’s policy of allowing developers to break floor area ratio (KLB) limits...,Experts warn against relaxing KLB rules The city administration’s policy of allowing developers to break floor area ratio (KLB) limits...,"Sentiment(polarity=0.0, subjectivity=0.0)"
169,JakartaPost,Accelerating sustainable infrastructure development,"Technological innovation must contribute to the development of new models of sustainable social, eco...","Accelerating sustainable infrastructure development Technological innovation must contribute to the development of new models of sustainable social, eco...","Sentiment(polarity=0.0, subjectivity=0.0)"
170,JakartaPost,Infrastructure boom For what and whom?,"The question is, if the focus of the government’s infrastructure development is on constructin...","Infrastructure boom: For what and for whom? The question is, if the focus of the government’s infrastructure development is on constructin...","Sentiment(polarity=0.0, subjectivity=0.0)"
171,JakartaPost,How REITs can jump start real estate infrastructure investment,REITs have become popular since starting in the US in the 1950s. They are now present in over 30 cou...,"How REITs can jump start real estate, infrastructure investment REITs have become popular since starting in the US in the 1950s. They are now present in over 30 cou...","Sentiment(polarity=0.2, subjectivity=0.30000000000000004)"
172,JakartaPost,Priority projects expedited,The government reiterated on Tuesday its commitment to accelerate the completion of major infrastruc...,Priority projects expedited The government reiterated on Tuesday its commitment to accelerate the completion of major infrastruc...,"Sentiment(polarity=0.0, subjectivity=0.0)"
173,JakartaPost,"PLN eyes 18,485 MW power purchasing agreement this year","State electricity company (PLN) will focus on chasing a 18,485-megawatt (MW) power purchasing agreem...","PLN eyes 18,485 MW power purchasing agreement this year State electricity company (PLN) will focus on chasing a 18,485-megawatt (MW) power purchasing agreem...","Sentiment(polarity=0.0, subjectivity=0.0)"
174,JakartaPost,Indonesian telco operator says network sharing reduce 40% investment cost,A leading Indonesia telecommunication operator has claimed that if network sharing was allowed by th...,Indonesian telco operator says network sharing to reduce 40% investment cost A leading Indonesia telecommunication operator has claimed that if network sharing was allowed by th...,"Sentiment(polarity=0.0, subjectivity=0.0)"
175,JakartaPost,Resolving Indonesia  infrastructure problems,The development of basic infrastructure facilities has become one of the government’s top prio...,Resolving Indonesia's infrastructure problems The development of basic infrastructure facilities has become one of the government’s top prio...,"Sentiment(polarity=0.0, subjectivity=0.0)"
176,JakartaPost,Jakarta wants its share tax amnesty inflows,Jakarta Governor Basuki “Ahok” Tjahaja Purnama has expressed the city’s wish to sh...,Jakarta wants its share of tax amnesty inflows Jakarta Governor Basuki “Ahok” Tjahaja Purnama has expressed the city’s wish to sh...,"Sentiment(polarity=0.2, subjectivity=0.1)"
177,JakartaPost,Redefining Indonesia  urban agenda Get real,"Potentially the world’s fifth-largest economy in the next two decades, Indonesia’s role ...","Redefining Indonesia's urban agenda: Get real Potentially the world’s fifth-largest economy in the next two decades, Indonesia’s role ...","Sentiment(polarity=0.1, subjectivity=0.15000000000000002)"
178,JakartaPost,Reimagining Jakarta A more compact life,"Yet rebuilding Jakarta is not just a matter of technical engineering skills, or even policy commitme...","Reimagining Jakarta: A more compact life Yet rebuilding Jakarta is not just a matter of technical engineering skills, or even policy commitme...","Sentiment(polarity=0.5, subjectivity=0.5)"
179,JakartaPost,Wijaya Karya Beton establish new plant worth Rp 250 billion,"Precast concrete maker PT Wijaya Karya Beton plans to build a new plant in Subang, West Java, with a...","Wijaya Karya Beton to establish new plant worth Rp 250 billion Precast concrete maker PT Wijaya Karya Beton plans to build a new plant in Subang, West Java, with a...","Sentiment(polarity=0.21818181818181817, subjectivity=0.2772727272727273)"
180,JakartaPost,Private sector should participate more infrastructure projects Jokowi,"Indonesia will encourage the private sector to participate in infrastructure projects, President Jok...","Private sector should participate more in infrastructure projects: Jokowi Indonesia will encourage the private sector to participate in infrastructure projects, President Jok...","Sentiment(polarity=0.25, subjectivity=0.4375)"
181,JakartaPost,Adopting ICT Painfully slow at govt offices,ICT infrastructure in Indonesia has somewhat improved and the government has also shown strong commi...,Adopting ICT: Painfully slow at govt offices ICT infrastructure in Indonesia has somewhat improved and the government has also shown strong commi...,"Sentiment(polarity=-0.30000000000000004, subjectivity=0.39999999999999997)"
182,JakartaPost,IIF reduces bonds issuance Rp 1.5 trillion,"PT Indonesia Infrastructure Finance (IIF), a private non-bank financial institution under the Financ...","IIF reduces bonds issuance to Rp 1.5 trillion PT Indonesia Infrastructure Finance (IIF), a private non-bank financial institution under the Financ...","Sentiment(polarity=0.0, subjectivity=0.0)"
183,JakartaPost,Where are engineers?,"There is a huge shortage of civil engineers, measurable in the tens of thousands, and not enough gra...","Where are the engineers? There is a huge shortage of civil engineers, measurable in the tens of thousands, and not enough gra...","Sentiment(polarity=0.0, subjectivity=0.0)"
184,JakartaPost,Tax amnesty provides good momentum economy,Indonesia’s tax amnesty program is expected to boost liquid assets into the country’s ec...,Tax amnesty provides good momentum for economy Indonesia’s tax amnesty program is expected to boost liquid assets into the country’s ec...,"Sentiment(polarity=0.7, subjectivity=0.6000000000000001)"
185,JakartaPost,Toll road projects stalled because land-owners want higher price Govt,The government has indicated that the disagreement over the land-acquisition price is the main probl...,Toll road projects stalled because land-owners want higher price: Govt The government has indicated that the disagreement over the land-acquisition price is the main probl...,"Sentiment(polarity=0.25, subjectivity=0.5)"
186,JakartaPost,Project preparation key lure private investment,"In the past 10 years, only less than 10 intended public-private partnership (PPP) projects enter int...","Project preparation key to lure private investment In the past 10 years, only less than 10 intended public-private partnership (PPP) projects enter int...","Sentiment(polarity=0.0, subjectivity=0.6875)"
187,JakartaPost,Jakarta kicks off construction LRT sport complex Asian Games,The Jakarta administration is upbeat it can finish three important infrastructure projects in time f...,"Jakarta kicks off construction of LRT, sport complex for Asian Games The Jakarta administration is upbeat it can finish three important infrastructure projects in time f...","Sentiment(polarity=-0.15, subjectivity=0.2)"
188,JakartaPost,Priority projects remain doldrums,"Hundreds of the government’s priority infrastructure projects are on the brink of failure, hav...","Priority projects remain in doldrums Hundreds of the government’s priority infrastructure projects are on the brink of failure, hav...","Sentiment(polarity=0.0, subjectivity=0.0)"
189,JakartaPost,More than half strategic projects remain doldrums,Six months after the issuance of a regulation aimed at fast-tracking hundreds of infrastructure proj...,More than half of strategic projects remain in doldrums Six months after the issuance of a regulation aimed at fast-tracking hundreds of infrastructure proj...,"Sentiment(polarity=0.16666666666666669, subjectivity=0.3333333333333333)"
190,JakartaPost,Jokowi’s 7% growth dream slips further away,"If infrastructure bottlenecks get solved, Indonesia can expect to enjoy growth of 7 percent. That&rs...","Jokowi’s 7% growth dream slips further away If infrastructure bottlenecks get solved, Indonesia can expect to enjoy growth of 7 percent. That&rs...","Sentiment(polarity=0.0, subjectivity=0.5)"
191,JakartaPost,Sukuk plays important infrastructure development role Minister,Sukuk has played a significant role in promoting resilient infrastructure and sustainable economic d...,Sukuk plays important infrastructure development role: Minister Sukuk has played a significant role in promoting resilient infrastructure and sustainable economic d...,"Sentiment(polarity=0.4, subjectivity=1.0)"
192,JakartaPost,New system halves drive from Jakarta C. Java,Toll road operators are upbeat about improved traffic congestion and trip durations from Jakarta to ...,New system halves drive from Jakarta to C. Java Toll road operators are upbeat about improved traffic congestion and trip durations from Jakarta to ...,"Sentiment(polarity=0.13636363636363635, subjectivity=0.45454545454545453)"
193,JakartaPost,City speeds up construction Asian Games facilities,Construction projects underway for the Asian Games will be complete by the time the sporting event i...,City speeds up construction of Asian Games facilities Construction projects underway for the Asian Games will be complete by the time the sporting event i...,"Sentiment(polarity=0.0, subjectivity=0.0)"
194,JakartaPost,Govt confirms Patimban megaport plans another big one Java’s north coast,"The government will relocate the Cilamaya port project to Patimban in Subang, West Java on account o...","Govt confirms Patimban megaport, plans another big one in Java’s north coast The government will relocate the Cilamaya port project to Patimban in Subang, West Java on account o...","Sentiment(polarity=0.0, subjectivity=0.1)"
195,JakartaPost,China shrugs off labor influx into RI,China has denied that investments in many mega projects in Indonesia will result in a massive influx...,China shrugs off labor influx into RI China has denied that investments in many mega projects in Indonesia will result in a massive influx...,"Sentiment(polarity=0.0, subjectivity=0.0)"
196,JakartaPost,ADB meets set course region’s development,"Senior government officials, business leaders, academics, and representatives from civil society and...","ADB meets to set course on region’s development Senior government officials, business leaders, academics, and representatives from civil society and...","Sentiment(polarity=0.0, subjectivity=0.0)"
197,JakartaPost,Q&A High-speed railway tug war Japan vs. China,The plan to build a high-speed railway has existed for years. The project was pursued by J...,Q&A: High-speed railway tug of war: Japan vs. China The plan to build a high-speed railway has existed for years. The project was pursued by J...,"Sentiment(polarity=0.0, subjectivity=0.0)"
198,JakartaPost,Holding company manage state-owned construction firms,The State-Owned Enterprises Ministry will create a holding company for state-owned construction comp...,Holding company to manage state-owned construction firms The State-Owned Enterprises Ministry will create a holding company for state-owned construction comp...,"Sentiment(polarity=0.0, subjectivity=0.0)"
199,JakartaPost,Govt accelerate infrastructure developments Mandeh,"A series of infrastructure developments have been slated for Mandeh in West Sumatra, inclusive of ne...","Govt to accelerate infrastructure developments in Mandeh A series of infrastructure developments have been slated for Mandeh in West Sumatra, inclusive of ne...","Sentiment(polarity=0.0, subjectivity=0.0)"
