,date,media,newstitle
0,"[<div class=""article__date"">18/01/2019, 23:00 WIB</div>]",Kompascom,"Cegah Banjir di Kota Bima, Normalisasi Sungai Dilanjutkan"
3,"[<div class=""article__date"">16/01/2019, 01:27 WIB</div>]",Kompascom,KPK Perpanjang Masa Penahanan 8 Tersangka Kasus SPAM PUPR
4,"[<div class=""article__date"">15/01/2019, 10:32 WIB</div>]",Kompascom,"2019, Pemerintah Bangun 28,80 Kilometer Jalan di Maluku Tenggara Barat"
5,"[<div class=""article__date"">13/01/2019, 10:23 WIB</div>]",Kompascom,"Periksa Irjen PUPR, KPK Telusuri Pemeriksaan Internal Terkait Proyek-proyek SPAM"
6,"[<div class=""article__date"">11/01/2019, 21:14 WIB</div>]",Kompascom,"Kasus SPAM PUPR, KPK Panggil Plt Sekjen Cipta Karya"
7,"[<div class=""article__date"">11/01/2019, 20:30 WIB</div>]",Kompascom,Sistem Penyediaan Air Minum Bandung Raya Siap Digunakan
8,"[<div class=""article__date"">11/01/2019, 18:00 WIB</div>]",Kompascom,"Atasi Kemacetan, Depok Ajukan Dana Hibah Rp 6,5 M ke Pemprov DKI"
9,"[<div class=""article__date"">11/01/2019, 17:03 WIB</div>]",Kompascom,4 Bendungan Mulai Diisi Air Bulan Depan
10,"[<div class=""article__date"">11/01/2019, 13:02 WIB</div>]",Kompascom,"Pekan Depan, Keluar Tarif 7 Ruas Tol Baru Trans-Jawa "
11,"[<div class=""article__date"">11/01/2019, 12:18 WIB</div>]",Kompascom,Target Sejuta Rumah Tahun Ini 635.361 Unit
12,"[<div class=""article__date"">11/01/2019, 10:33 WIB</div>]",Kompascom,"Gunakan Dana SBSN Rp 553,57 Miliar, Jembatan Musi IV Sudah Dibuka"
13,"[<div class=""article__date"">10/01/2019, 20:11 WIB</div>]",Kompascom,Jembatan Leta Oar Ralan Siap Berfungsi
14,"[<div class=""article__date"">10/01/2019, 11:00 WIB</div>]",Kompascom,"Kasus Proyek Air Minum PUPR, KPK Panggil 2 Pejabat Ditjen Cipta Karya"
15,"[<div class=""article__date"">03/01/2019, 13:34 WIB</div>]",Kompascom,Kementerian PUPR Batal Bangun Rusun Pasar Minggu
16,"[<div class=""article__date"">02/01/2019, 20:59 WIB</div>]",Kompascom,"Dinilai Lebih Berkualitas, Penggunaan Aspal Karet Berlanjut Tahun Ini"
17,"[<div class=""article__date"">02/01/2019, 17:30 WIB</div>]",Kompascom,Perubahan Nomenklatur Ditjen Pembiayaan Perumahan Sudah Tepat
18,"[<div class=""article__date"">02/01/2019, 07:13 WIB</div>]",Kompascom,Politeknik Pekerjaan Umum Siap Dibuka 2019
19,"[<div class=""article__date"">01/01/2019, 16:05 WIB</div>]",Kompascom,"Perubahan Nomenklatur, Ditjen Pembiayaan Infrastruktur Resmi Dibentuk"
20,"[<div class=""article__date"">01/01/2019, 12:43 WIB</div>]",Kompascom,"Kaleidoskop 2018: Pecah Telor, Program Sejuta Rumah Tembus Target"
21,"[<div class=""article__date"">31/12/2018, 18:08 WIB</div>]",Kompascom,Sandiaga Uno: Kok Bisa-bisanya Proyek di Lokasi Bencana Dikorupsi
22,"[<div class=""article__date"">31/12/2018, 12:22 WIB</div>]",Kompascom,Kaleidoskop 2018: Suap di Tubuh Kementerian PUPR
23,"[<div class=""article__date"">31/12/2018, 10:23 WIB</div>]",Kompascom,"Kasus Dugaan Suap Proyek Air Minum, KPK Geledah Dua Lokasi"
24,"[<div class=""article__date"">31/12/2018, 06:34 WIB</div>]",Kompascom,Kementerian PUPR Copot Pejabat yang Dicokok KPK
25,"[<div class=""article__date"">31/12/2018, 06:11 WIB</div>]",Kompascom,Kementerian PUPR Akan Memutus Kontrak Penyuap Proyek SPAM
26,"[<div class=""article__date"">30/12/2018, 22:23 WIB</div>]",Kompascom,"Dugaan Suap Proyek Air Minum Kementerian PUPR, KPK Sita Sebuah Mobil"
27,"[<div class=""article__date"">30/12/2018, 13:52 WIB</div>]",Kompascom,5 Fakta Terkait Kasus Dugaan Suap Proyek Air Minum Kementerian PUPR
28,"[<div class=""article__date"">30/12/2018, 10:47 WIB</div>]",Kompascom,"Pegawainya Tersangka Suap, Kementerian PUPR Tak Akan Intervensi KPK"
29,"[<div class=""article__date"">30/12/2018, 09:28 WIB</div>]",Kompascom,KPK Tahan 8 Tersangka Dugaan Suap Proyek SPAM Kementerian PUPR
30,"[<div class=""article__date"">29/12/2018, 07:16 WIB</div>]",Kompascom,"Dugaan Suap di PUPR Terkait Proyek di Daerah Bencana, KPK Pelajari Penerapan Hukuman Mati"
31,"[<div class=""article__date"">29/12/2018, 06:23 WIB</div>]",Kompascom,Ini Kronologi OTT Pejabat Kementerian PUPR 
32,"[<div class=""article__date"">29/12/2018, 06:11 WIB</div>]",Kompascom,"Sabtu Siang, Pihak Kementerian PUPR Akan Sambangi KPK terkait OTT Pejabatnya"
33,"[<div class=""article__date"">28/12/2018, 23:34 WIB</div>]",Kompascom,KPK Sesalkan Dugaan Suap Pejabat Kementerian PUPR Terkait Proyek Air Minum
34,"[<div class=""article__date"">28/12/2018, 23:13 WIB</div>]",Kompascom,"OTT Pejabat Kementerian PUPR, KPK Duga Ada Suap Sebelumnya Terkait Proyek Air Minum"
35,"[<div class=""article__date"">28/12/2018, 23:08 WIB</div>]",Kompascom,"Bawahannya Terjaring OTT KPK, Basuki Mengaku Kaget dan Sedih"
36,"[<div class=""article__date"">28/12/2018, 23:00 WIB</div>]",Kompascom,OTT Pejabat Kementerian PUPR Diduga Terkait Proyek Penyediaan Air Minum
37,"[<div class=""article__date"">28/12/2018, 22:57 WIB</div>]",Kompascom,20 Orang Diamankan dalam OTT Kementerian PUPR
38,"[<div class=""article__date"">28/12/2018, 18:33 WIB</div>]",Kompascom,"OTT Pejabat Kementerian PUPR, KPK Amankan Uang Rp 500 Juta dan 25.000 Dollar Singapura"
39,"[<div class=""article__date"">27/12/2018, 17:00 WIB</div>]",Kompascom,"Gelar OTT, KPK Tangkap Pejabat Kementerian PUPR"
40,"[<div class=""article__date"">27/12/2018, 13:46 WIB</div>]",Kompascom,Kementerian PUPR Bangun Rumah Khusus Korban Bencana Gempa dan Tsunami
41,"[<div class=""article__date"">27/12/2018, 12:54 WIB</div>]",Kompascom,Menristekdikti Usul Semua Balai Kementerian PUPR Dijadikan Politeknik
42,"[<div class=""article__date"">27/12/2018, 12:49 WIB</div>]",Kompascom,"Basuki Tegaskan ""Flyover"" Cengkareng Tidak Rusak"
43,"[<div class=""article__date"">27/12/2018, 11:55 WIB</div>]",Kompascom,"Ambrolnya Lereng Tol Salatiga-Kartasura, Basuki Anggap Masalah Kecil"
44,"[<div class=""article__date"">23/12/2018, 17:49 WIB</div>]",Kompascom,Kementerian PUPR Kantongi Izin Prinsip Bangun Politeknik
45,"[<div class=""article__date"">19/12/2018, 15:40 WIB</div>]",Kompascom,"""Flyover"" Cengkareng Sudah Retak Sejak Awal Tahun 2018"
46,"[<div class=""article__date"">19/12/2018, 10:11 WIB</div>]",Kompascom,Kementerian PUPR Terjunkan Alat Berat untuk Banten dan Lampung
47,"[<div class=""article__date"">16/12/2018, 21:09 WIB</div>]",Kompascom,"Jalan Raya Gubeng Surabaya Ambles, Ini Kata Menteri PUPR"
48,"[<div class=""article__date"">16/12/2018, 20:34 WIB</div>]",Kompascom,"Kasus Wali Kota Pasuruan, KPK Panggil Kepala Dinas PUPR"
49,"[<div class=""article__date"">14/12/2018, 10:36 WIB</div>]",Kompascom,"Kawasan Seutui di Banda Aceh Tertata, Ekonomi Pun Meningkat"
50,"[<div class=""article__date"">13/12/2018, 22:07 WIB</div>]",Kompascom,"Selesai Dibangun, Bendungan Rotiklot di NTT Mulai Diisi Air"
51,"[<div class=""article__date"">13/12/2018, 07:00 WIB</div>]",Kompascom,"Kasus Wali Kota Pasuruan, KPK Panggil Dua Pejabat Dinas PUPR"
52,"[<div class=""article__date"">12/12/2018, 23:45 WIB</div>]",Kompascom,Kementerian PUPR Percepat Lelang
53,"[<div class=""article__date"">12/12/2018, 21:11 WIB</div>]",Kompascom,"Konstruksi SPAM Semarang Barat Telan Biaya Rp 1,15 Triliun"
54,"[<div class=""article__date"">11/12/2018, 14:22 WIB</div>]",Kompascom,"Akses Padang-Bukittingi Rusak, Pemerintah Bangun Jembatan Sementara"
55,"[<div class=""article__date"">10/12/2018, 15:58 WIB</div>]",Kompascom,"17 Desember, 120 Unit Huntara di Sulawesi Tengah Siap Dihuni"
56,"[<div class=""article__date"">10/12/2018, 14:46 WIB</div>]",Kompascom,Kementerian PUPR Rencanakan NCICD untuk Tanggulangi Banjir Rob Jakarta
57,"[<div class=""article__date"">07/12/2018, 23:35 WIB</div>]",Kompascom,"Menteri PUPR Dorong Millenial Segera Punya Rumah, Mengapa?"
58,"[<div class=""article__date"">07/12/2018, 23:20 WIB</div>]",Kompascom,"2019, Menteri PUPR Siapkan KPR bagi Milenial Tanpa Batasan Penghasilan"
59,"[<div class=""article__date"">07/12/2018, 15:39 WIB</div>]",Kompascom,Ini Daftar Pemenang Penghargaan PUPR 2018
60,"[<div class=""article__date"">05/12/2018, 17:24 WIB</div>]",Kompascom,Kementerian PUPR Apresiasi Pemda Berprestasi di Bidang Infrastruktur
61,"[<div class=""article__date"">05/12/2018, 12:00 WIB</div>]",Kompascom,Rumah MBR yang Dibangun Pengembang Lebih Banyak Dibanding Pemerintah
62,"[<div class=""article__date"">05/12/2018, 11:18 WIB</div>]",Kompascom,Proyek Jembatan di Nduga Papua yang Dihentikan Itu Sudah 72 Persen
63,"[<div class=""article__date"">05/12/2018, 10:04 WIB</div>]",Kompascom,Menteri PUPR Kukuhkan Pengurus ATI Baru
64,"[<div class=""article__date"">04/12/2018, 19:30 WIB</div>]",Kompascom,"Kasus Meikarta, KPK Periksa Kadis PUPR Kabupaten Bekasi "
65,"[<div class=""article__date"">04/12/2018, 12:46 WIB</div>]",Kompascom,Wajib Baca: Penangguhan Proyek Papua dan Sistem Kereta Jepang
66,"[<div class=""article__date"">04/12/2018, 06:00 WIB</div>]",Kompascom,Dukacita Mendalam Pekat Terasa di Pattimura 20
67,"[<div class=""article__date"">03/12/2018, 14:12 WIB</div>]",Kompascom,Kementerian PUPR Hentikan Sementara Proyek Jembatan di Nduga Papua
68,"[<div class=""article__date"">03/12/2018, 13:27 WIB</div>]",Kompascom,Ridwan Kamil Sebut Menteri PUPR akan Bantu Revitalisasi Kalimalang
69,"[<div class=""article__date"">03/12/2018, 07:00 WIB</div>]",Kompascom,"Siapa Pun Presidennya, Proyek Strategis Nasional Jalan Terus"
70,"[<div class=""article__date"">02/12/2018, 20:15 WIB</div>]",Kompascom,Menteri Basuki: Proyek Tol Cileunyi-Tasik Ditenderkan Tahun 2019
71,"[<div class=""article__date"">02/12/2018, 15:02 WIB</div>]",Kompascom,Kementerian PUPR Ikut Tangani Revitalisasi Kalimalang
72,"[<div class=""article__date"">29/11/2018, 15:58 WIB</div>]",Kompascom,Basuki Buka Pameran Pembangunan Infrastruktur di Bandung
73,"[<div class=""article__date"">27/11/2018, 13:30 WIB</div>]",Kompascom,"Diperingati Setiap 3 Desember, Ini Sejarah Hari Bakti PU"
74,"[<div class=""article__date"">27/11/2018, 08:32 WIB</div>]",Kompascom,Dirjen Bina Marga PUPR Investigasi Keretakan Talud di Jalur Puncak Bogor
75,"[<div class=""article__date"">24/11/2018, 09:28 WIB</div>]",Kompascom,"Rampung Dibangun, Jembatan Gantung Sudisari Pangkas Jarak Tempuh"
76,"[<div class=""article__date"">23/11/2018, 20:00 WIB</div>]",Kompascom,Jalur Puncak Bogor Diperlebar
77,"[<div class=""article__date"">23/11/2018, 18:06 WIB</div>]",Kompascom,BlueScope dan Kemendikbud Sepakat Tingkatkan Kompetensi Siswa Kejuruan
78,"[<div class=""article__date"">23/11/2018, 15:36 WIB</div>]",Kompascom,"Percepat Penyerahan Aset, Kementerian PUPR Hadirkan Klinik BMN"
79,"[<div class=""article__date"">23/11/2018, 14:52 WIB</div>]",Kompascom,Penyerahan Aset Perumahan Rp 14 Triliun Beres 2021
80,"[<div class=""article__date"">23/11/2018, 10:42 WIB</div>]",Kompascom,Daftar Pemda Penerima Aset Perumahan
81,"[<div class=""article__date"">22/11/2018, 22:00 WIB</div>]",Kompascom,Aset Perumahan Rp 266 Miliar Diserahkan kepada Pemda dan Yayasan
82,"[<div class=""article__date"">22/11/2018, 16:33 WIB</div>]",Kompascom,Berita Populer: Basuki Tanggapi Pernyataan Prabowo soal Banjir Jakarta
83,"[<div class=""article__date"">22/11/2018, 11:30 WIB</div>]",Kompascom,Trik Basuki Jalin Kerja Sama dengan Jepang
84,"[<div class=""article__date"">22/11/2018, 09:35 WIB</div>]",Kompascom,"Terkait Banjir Jakarta, Basuki Bantah Pernyataan Prabowo"
85,"[<div class=""article__date"">19/11/2018, 09:35 WIB</div>]",Kompascom,Kementerian PUPR Bangun Pipa Transmisi di Merauke
86,"[<div class=""article__date"">19/11/2018, 09:10 WIB</div>]",Kompascom,200 Regulasi Bangunan Gedung Dinilai Tak Efektif
87,"[<div class=""article__date"">18/11/2018, 21:04 WIB</div>]",Kompascom,Kementerian PUPR Tayangkan Dokumentasi “Sanitasi Untuk Negeri”
88,"[<div class=""article__date"">17/11/2018, 05:06 WIB</div>]",Kompascom,KPK Tahan Bupati Pakpak Bharat dan Kepala Dinas PUPR
89,"[<div class=""article__date"">15/11/2018, 14:22 WIB</div>]",Kompascom,KPK Tetapkan Bupati Pakpak Bharat dan Kepala Dinas PUPR sebagai Tersangka
90,"[<div class=""article__date"">13/11/2018, 13:02 WIB</div>]",Kompascom,Permen Rusun Dinilai Tidak Adil bagi Pemilik
92,"[<div class=""article__date"">13/11/2018, 11:33 WIB</div>]",Kompascom,116 Huntara Sulteng Siap Huni Desember 2018
93,"[<div class=""article__date"">13/11/2018, 10:02 WIB</div>]",Kompascom,Kejati Jabar Geledah Kantor PUPR Tasikmalaya Terkait Korupsi Proyek Jalan 
94,"[<div class=""article__date"">12/11/2018, 22:06 WIB</div>]",Kompascom,Tenaga Ahli Level Direksi Wajib Ikut Sertifikasi K3
96,"[<div class=""article__date"">12/11/2018, 13:49 WIB</div>]",Kompascom,"Edarkan Sabu, Honorer di Dinas PUPR Jombang Diringkus Polisi"
97,"[<div class=""article__date"">10/11/2018, 19:44 WIB</div>]",Kompascom,"Bagian dari KSPN Danau Toba, Akses ke Pulau Samosir Diperbaiki"
98,"[<div class=""article__date"">08/11/2018, 13:22 WIB</div>]",Kompascom,Kementerian PUPR Tayangkan Dokumentasi “Sanitasi Untuk Negeri” 
99,"[<div class=""article__date"">07/11/2018, 16:45 WIB</div>]",Kompascom,"Capai 80 Persen, Penataan Kampung Nelayan Tegalsari Selesai Tahun Ini"
101,"[<div class=""article__date"">05/11/2018, 17:30 WIB</div>]",Kompascom,"Jembatan Cipatujah Putus, Diganti Sementara dengan Jembatan Bailey"
102,"[<div class=""article__date"">05/11/2018, 16:53 WIB</div>]",Kompascom,Kementerian PUPR Genjot Pembebasan Lahan Akses Patimban
103,"[<div class=""article__date"">05/11/2018, 11:09 WIB</div>]",Kompascom,"Dari PSN hingga Larangan Berpolitik, Ini PR Kementerian PUPR 2019"
104,"[<div class=""article__date"">05/11/2018, 10:06 WIB</div>]",Kompascom,"Jelang 2019, Serapan Anggaran Kementerian PUPR Baru 63 Persen"
106,"[<div class=""article__date"">30/10/2018, 11:17 WIB</div>]",Kompascom,"Kasus Bupati Cirebon, KPK Panggil Sekda hingga Kepala Dinas PUPR"
107,"[<div class=""article__date"">30/10/2018, 09:46 WIB</div>]",Kompascom,"Dapat Rp 110,7 Triliun, Ini Rincian Pengeluaran Kementerian PUPR"
108,"[<div class=""article__date"">26/10/2018, 13:26 WIB</div>]",Kompascom,"Tahun Depan Kementerian PUPR Dapat Anggaran Rp 110,7 Triliun"
109,"[<div class=""article__date"">19/10/2018, 15:52 WIB</div>]",Kompascom,Kementerian PUPR Bangun Bendungan Sei Gong Untuk Menimalisir Krisis Air Baku di Batam
110,"[<div class=""article__date"">18/10/2018, 18:03 WIB</div>]",Kompascom,Kementerian PUPR Siap Tayangkan Dokumentasi “Sanitasi Untuk Negeri”
111,"[<div class=""article__date"">16/10/2018, 13:00 WIB</div>]",Kompascom,Basuki: Kerja di Kementerian PUPR Ini Dekat dengan Surga dan Neraka
112,"[<div class=""article__date"">15/10/2018, 16:55 WIB</div>]",Kompascom,"741 Aset Rp 1,8 Triliun Diserahkan ke Daerah"
113,"[<div class=""article__date"">15/10/2018, 13:42 WIB</div>]",Kompascom,Tanggapan Basuki soal Kasus Suap Meikarta yang Menyeret Kadis PUPR
114,"[<div class=""article__date"">13/10/2018, 20:38 WIB</div>]",Kompascom,Bupati Bekasi Akui Pelayanan Dinas PUPR Terganggu Setelah Disegel KPK
115,"[<div class=""article__date"">12/10/2018, 17:35 WIB</div>]",Kompascom,Ruang Kadis PUPR Pemkab Bekasi Disegel Pasca-OTT KPK
116,"[<div class=""article__date"">11/10/2018, 22:00 WIB</div>]",Kompascom,"Bantu Perbaiki Sulteng, Jepang Bertemu Kementerian PUPR"
117,"[<div class=""article__date"">11/10/2018, 21:00 WIB</div>]",Kompascom,"Risha dan Rika, Kokoh Berdiri Meski Diguncang Gempa"
118,"[<div class=""article__date"">10/10/2018, 09:00 WIB</div>]",Kompascom,Kementerian PUPR Dukung 10 KSPN Melalui Infrastruktur
119,"[<div class=""article__date"">09/10/2018, 11:14 WIB</div>]",Kompascom,Progres Risha di Solo Sudah 60  Persen
120,"[<div class=""article__date"">03/10/2018, 21:29 WIB</div>]",Kompascom,Ruas Mengwitani-Singaraja Pangkas Waktu Tempuh Jadi 2 Menit
121,"[<div class=""article__date"">03/10/2018, 14:59 WIB</div>]",Kompascom,Sejumlah Proyek Infrastruktur Kementerian PUPR Didukung KPBU-AP
122,"[<div class=""article__date"">03/10/2018, 11:40 WIB</div>]",Kompascom,Kementerian PUPR Sebut Naturalisasi Tak Bisa Direalisasikan di Seluruh Sungai Jakarta
123,"[<div class=""article__date"">02/10/2018, 21:35 WIB</div>]",Kompascom,Kisah Menteri Basuki Minta Warung Kelontong Dibuka bagi Korban Gempa Balaroa
124,"[<div class=""article__date"">02/10/2018, 21:05 WIB</div>]",Kompascom,"Tingkatkan Kualitas Pekerja Konstruksi, Kementerian PUPR Gelar Sertifikasi"
125,"[<div class=""article__date"">02/10/2018, 20:35 WIB</div>]",Kompascom,"Tahan Gempa, Rumah Subsidi di Palu Ini Terjangkau bagi MBR"
126,"[<div class=""article__date"">02/10/2018, 19:50 WIB</div>]",Kompascom,Rekonstruksi Kota Terdampak Gempa Akan Dikerjakan Pemerintah
127,"[<div class=""article__date"">02/10/2018, 15:32 WIB</div>]",Kompascom,Kementerian PUPR Fokus Sediakan Air Bersih dan Sanitasi di Palu
128,"[<div class=""article__date"">02/10/2018, 14:30 WIB</div>]",Kompascom,"Dianggap Kalah Bersaing, 30 Kontraktor Asing Gulung Tikar"
129,"[<div class=""article__date"">02/10/2018, 13:10 WIB</div>]",Kompascom,Kementerian PUPR: Sekitar 1.300 KK Masih Tertimbun di Perumnas Balaroa
130,"[<div class=""article__date"">01/10/2018, 21:05 WIB</div>]",Kompascom,"Hilangkan Trauma, Pemerintah Segera Bersihkan Puing-puing di Kota Palu"
131,"[<div class=""article__date"">01/10/2018, 20:28 WIB</div>]",Kompascom,"Bersihkan Puing di Palu, Pemerintah Pinjam Alat Berat Kontraktor"
132,"[<div class=""article__date"">01/10/2018, 19:55 WIB</div>]",Kompascom,"Data Sementara, 2.790 Rumah Rusak akibat Gempa Palu"
133,"[<div class=""article__date"">01/10/2018, 16:03 WIB</div>]",Kompascom,Tiga Ekskavator Sudah Diturunkan di Perumnas Balaroa
134,"[<div class=""article__date"">01/10/2018, 14:12 WIB</div>]",Kompascom,Menteri PUPR Cek Tiga Lokasi yang Terkena Dampak Gempa di Palu
135,"[<div class=""article__date"">30/09/2018, 14:28 WIB</div>]",Kompascom,"Hadiah Natal untuk Warga, Jembatan Gantung Segera Hadir di Kupang"
136,"[<div class=""article__date"">30/09/2018, 14:22 WIB</div>]",Kompascom,REI Klaim Proyek Perumahan Anggotanya di Palu Aman dari Gempa
137,"[<div class=""article__date"">30/09/2018, 12:58 WIB</div>]",Kompascom,"Tangani Gempa Palu, Kementerian PUPR Koordinasi dengan Sejumlah Pihak"
138,"[<div class=""article__date"">29/09/2018, 22:56 WIB</div>]",Kompascom,Kementerian PUPR Terjunkan Alat Berat dan Tim Reaksi Cepat ke Palu
139,"[<div class=""article__date"">29/09/2018, 22:30 WIB</div>]",Kompascom,Pemerintah Pastikan Tiga Jalur Lintas di Sulawesi Tengah Bisa Dilewati
140,"[<div class=""article__date"">29/09/2018, 21:00 WIB</div>]",Kompascom,Menteri PUPR Janji Jalan Layang Bandara Ahmad Yani Terwujud 2019
141,"[<div class=""article__date"">29/09/2018, 20:00 WIB</div>]",Kompascom,Kementerian PUPR Batalkan Peringatan Hari Habitat Dunia di Palu
142,"[<div class=""article__date"">29/09/2018, 13:30 WIB</div>]",Kompascom,"Minggu Sambangi Lokasi Gempa, Basuki: Ini Tanggung Jawab Saya"
143,"[<div class=""article__date"">29/09/2018, 06:00 WIB</div>]",Kompascom,Jalur Trans-Sulawesi Arah Utara Longsor
144,"[<div class=""article__date"">27/09/2018, 12:14 WIB</div>]",Kompascom,Menteri PUPR Segera Rehabilitasi Fasum yang Rusak Akibat Gempa Sulteng
145,"[<div class=""article__date"">24/09/2018, 12:28 WIB</div>]",Kompascom,Kementerian PUPR Terjunkan Tim Tanggap Darurat ke Palu dan Donggala
146,"[<div class=""article__date"">19/09/2018, 10:00 WIB</div>]",Kompascom,"Saksi: Satu Tahun Anggaran, Zumi Zola Bisa Dapat Rp 60 Miliar dari Dinas PUPR"
147,"[<div class=""article__date"">17/09/2018, 17:00 WIB</div>]",Kompascom,"Bilang Tak Punya Uang, Kepala Dinas PUPR Jambi Merasa Ditekan Anggota DPRD"
148,"[<div class=""article__date"">17/09/2018, 13:13 WIB</div>]",Kompascom,Jasa Marga Tunggu SK Menteri PUPR Terkait Integrasi Tol JORR
149,"[<div class=""article__date"">17/09/2018, 11:53 WIB</div>]",Kompascom,Aplikasi Digital Perumahan Juga Bakal Berisi Aturan Membangun Rumah
150,"[<div class=""article__date"">07/09/2018, 15:00 WIB</div>]",Kompascom,Pemerintah Berencana Kembangkan Aplikasi Perumahan Serupa Go-Jek
151,"[<div class=""article__date"">06/09/2018, 20:00 WIB</div>]",Kompascom,Kementerian PUPR Gelar Diskusi Manfaat TI bagi Perumahan
152,"[<div class=""article__date"">06/09/2018, 17:00 WIB</div>]",Kompascom,"Tak Ditunda, 26 Proyek PUPR Ditargetkan Rampung Akhir 2018"
153,"[<div class=""article__date"">04/09/2018, 18:01 WIB</div>]",Kompascom,"Rincian Usulan Tambahan Anggaran Kementerian PUPR Rp 8,7 Triliun"
154,"[<div class=""article__date"">31/08/2018, 22:00 WIB</div>]",Kompascom,Basuki Pastikan Seluruh Proyek Kementerian PUPR Jalan Terus
155,"[<div class=""article__date"">31/08/2018, 20:00 WIB</div>]",Kompascom,"Kementerian PUPR Lebih Banyak Gunakan Aspal Impor, Ini Penjelasan Menteri Basuki"
156,"[<div class=""article__date"">31/08/2018, 19:55 WIB</div>]",Kompascom,Kementerian PUPR Sarankan Konsumen K2 Park Lapor Polisi
157,"[<div class=""article__date"">31/08/2018, 12:30 WIB</div>]",Kompascom,"Pemerintah Ingatkan Asosiasi Awasi Pengembang ""Nakal"""
158,"[<div class=""article__date"">31/08/2018, 10:55 WIB</div>]",Kompascom,"Rp 50 Juta untuk Korban Gempa Lombok, Apa Cukup untuk Bangun Rumah?"
159,"[<div class=""article__date"">30/08/2018, 20:00 WIB</div>]",Kompascom,Empati Para Insinyur Muda untuk Korban Gempa Lombok
160,"[<div class=""article__date"">28/08/2018, 23:34 WIB</div>]",Kompascom,"Lepas Insinyur Muda ke Lombok, Basuki: Jangan Minta Dilayani"
161,"[<div class=""article__date"">28/08/2018, 09:30 WIB</div>]",Kompascom,Basuki Dorong Industri Jasa Konstruksi Tingkatkan Ekspor
162,"[<div class=""article__date"">28/08/2018, 09:24 WIB</div>]",Kompascom,"Bangun Rumah Tahan Gempa di Lombok, Pemerintah Terjunkan 400 Insinyur"
163,"[<div class=""article__date"">27/08/2018, 18:50 WIB</div>]",Kompascom,"BNPB: Uang Perbaikan Rumah, Jangan Dibelikan Motor"
164,"[<div class=""article__date"">27/08/2018, 17:06 WIB</div>]",Kompascom,Kementerian PUPR Gelar Pelatihan Bagi Warga Binaan Lapas
165,"[<div class=""article__date"">23/08/2018, 22:58 WIB</div>]",Kompascom,Begini Cara Kementerian PUPR Suplai Air untuk Korban Gempa Lombok
166,"[<div class=""article__date"">23/08/2018, 22:00 WIB</div>]",Kompascom,Kementerian PUPR Ajak Mahasiswa Gabung Tim Rehabilitasi Rumah Pascagempa Lombok 
167,"[<div class=""article__date"">23/08/2018, 21:30 WIB</div>]",Kompascom,Kementerian PUPR akan Bangun 3 hingga 5 Kebun Raya Per Tahun
168,"[<div class=""article__date"">23/08/2018, 21:00 WIB</div>]",Kompascom,"Ada Kecoa di Wisma Atlet, Kementerian PUPR: Bukan Persoalan"
169,"[<div class=""article__date"">23/08/2018, 20:00 WIB</div>]",Kompascom,Cicilan KPR Masyarakat Lombok Dihentikan Sementara
170,"[<div class=""article__date"">23/08/2018, 18:00 WIB</div>]",Kompascom,"Basuki: Kejar Ketertinggalan, Kita Harus Kerja ""Rock and Roll"""
171,"[<div class=""article__date"">23/08/2018, 16:30 WIB</div>]",Kompascom,"Tak Hanya Tol, Pembangunan Rumah Juga Gunakan Skema KPBU"
172,"[<div class=""article__date"">23/08/2018, 12:00 WIB</div>]",Kompascom,Kenaikan Suku Bunga Tak Pengaruhi Rumah Subsidi
173,"[<div class=""article__date"">22/08/2018, 17:30 WIB</div>]",Kompascom,"Jauh dari Target, Program Satu Juta Rumah Baru 582.638 Unit "
174,"[<div class=""article__date"">21/08/2018, 20:00 WIB</div>]",Kompascom,"28 Agustus, Jalan Akses ""Dry Port"" Cikarang Mulai Berbayar"
175,"[<div class=""article__date"">21/08/2018, 17:00 WIB</div>]",Kompascom,"Rekompak, Cara Pemerintah Bangun Rumah Terdampak Gempa Lombok"
176,"[<div class=""article__date"">21/08/2018, 14:49 WIB</div>]",Kompascom,"Puluhan Ribu Rumah Ambruk, Pakar: Pemerintah Paling Bertanggung Jawab"
177,"[<div class=""article__date"">21/08/2018, 11:00 WIB</div>]",Kompascom,Rp 50 Juta untuk Setiap Kepala Keluarga Lombok Renovasi Rumah
178,"[<div class=""article__date"">20/08/2018, 18:10 WIB</div>]",Kompascom,Ini Menteri yang Rajin Menemani Jokowi Naik Motor
179,"[<div class=""article__date"">20/08/2018, 16:04 WIB</div>]",Kompascom,Sistem Pencahayaan Stadion Manahan Lebih Canggih Dibanding Luzhniki
180,"[<div class=""article__date"">15/08/2018, 15:41 WIB</div>]",Kompascom,Stadion Manahan Solo Bakal Disulap Jadi GBK Mini
181,"[<div class=""article__date"">15/08/2018, 15:23 WIB</div>]",Kompascom,"Rp 19 Triliun, Estimasi Dana Tol Solo-Yogyakarta"
182,"[<div class=""article__date"">14/08/2018, 22:00 WIB</div>]",Kompascom,Terdakwa Mengaku Dipanggil Sekjen PDI-P saat Usulkan Putra Daerah Jadi Pejabat PUPR
183,"[<div class=""article__date"">14/08/2018, 21:30 WIB</div>]",Kompascom,Terdakwa Akui Usulkan Penunjukan Pejabat PUPR Lewat Fraksi PDI Perjuangan
184,"[<div class=""article__date"">14/08/2018, 15:30 WIB</div>]",Kompascom,"2019, ""Backlog"" Rumah Ditargetkan Turun Jadi 5,4 Juta"
185,"[<div class=""article__date"">14/08/2018, 15:00 WIB</div>]",Kompascom,BTN Optimistis KPR Subsidi Terserap 100 Persen
186,"[<div class=""article__date"">14/08/2018, 12:11 WIB</div>]",Kompascom,Bank Penyalur KPR Subsidi Terancam Dicoret jika Kinerjanya Jelek
187,"[<div class=""article__date"">11/08/2018, 14:00 WIB</div>]",Kompascom,"Asing Masuk, Penyalur KPR Subsidi Jadi 43 Bank"
188,"[<div class=""article__date"">11/08/2018, 13:00 WIB</div>]",Kompascom,"Resmi, Pemerintah Pangkas Porsi Pembiayaan Rumah Subsidi"
189,"[<div class=""article__date"">10/08/2018, 22:00 WIB</div>]",Kompascom,Lelang Dini Proyek Infrastruktur 2019 Dimulai Oktober
190,"[<div class=""article__date"">10/08/2018, 19:30 WIB</div>]",Kompascom,Kementerian PUPR Pasok Air Bersih untuk Korban Gempa Lombok
191,"[<div class=""article__date"">10/08/2018, 18:37 WIB</div>]",Kompascom,"Ada Tugas Baru, Kementerian PUPR Siapkan Anggaran Rp 6,6 Triliun"
192,"[<div class=""article__date"">08/08/2018, 19:15 WIB</div>]",Kompascom,"Tak Ada Penundaan Infrastruktur, Pemerintah Tetap Lakukan Efisiensi"
193,"[<div class=""article__date"">08/08/2018, 14:42 WIB</div>]",Kompascom,"Ada Defisit, Proyek Infrastruktur Kementerian PUPR Jalan Terus"
194,"[<div class=""article__date"">08/08/2018, 10:00 WIB</div>]",Kompascom,Menteri Basuki Minta Serapan Anggaran Merata hingga Akhir Tahun
195,"[<div class=""article__date"">01/08/2018, 09:41 WIB</div>]",Kompascom,Kementerian PUPR Klaim Penggunaan Komponen Impor Rendah
196,"[<div class=""article__date"">31/07/2018, 16:49 WIB</div>]",Kompascom,Rumah di Lombok Bakal Dirancang Tahan Gempa
197,"[<div class=""article__date"">30/07/2018, 11:00 WIB</div>]",Kompascom,Menteri Basuki Akan Pindahkan Tiang yang Halangi Jalur Sepeda 
198,"[<div class=""article__date"">29/07/2018, 20:00 WIB</div>]",Kompascom,Kementerian PUPR Akan Perbaiki Jalur Sepeda di Trotoar yang Terhalang Tiang
199,"[<div class=""article__date"">27/07/2018, 21:02 WIB</div>]",Kompascom,Kementerian PUPR Terjunkan Tim Identifikasi Dampak Gempa Lombok
200,"[<div class=""article__date"">27/07/2018, 16:36 WIB</div>]",Kompascom,Kementerian PUPR Buka Pusat Pendidikan Pengolahan Sampah di Bali
201,"[<div class=""article__date"">27/07/2018, 14:47 WIB</div>]",Kompascom,KPK Tetapkan Bupati dan Kepala Dinas PUPR Lampung Selatan sebagai Tersangka
202,"[<div class=""article__date"">26/07/2018, 16:00 WIB</div>]",Kompascom,"Beda Hasil, Penataan Trotoar Kementerian PUPR, MRT dan Pemprov DKI"
203,"[<div class=""article__date"">25/07/2018, 16:04 WIB</div>]",Kompascom,"Soal Kali Item, Anies Minta Staf Khusus Tak Ganggu dengan Opini"
204,"[<div class=""article__date"">24/07/2018, 22:36 WIB</div>]",Kompascom,"Taman Halangi Halte, Kementerian PUPR: Itu Urusan Pemprov DKI "
205,"[<div class=""article__date"">24/07/2018, 17:00 WIB</div>]",Kompascom,Kementerian PUPR Gelar Sertifikasi Ahli K3
206,"[<div class=""article__date"">23/07/2018, 19:00 WIB</div>]",Kompascom,"Tahun Depan, Sekolah, Rumah Sakit, dan Pasar Diurus Kementerian PUPR"
207,"[<div class=""article__date"">20/07/2018, 19:50 WIB</div>]",Kompascom,Ini Rencana Kementerian PUPR untuk Mudik 2019
208,"[<div class=""article__date"">15/07/2018, 15:00 WIB</div>]",Kompascom,"Soal Kali Item, Pemerintah Pusat Turun Tangan Atasi Aliran Air"
209,"[<div class=""article__date"">14/07/2018, 15:22 WIB</div>]",Kompascom,"Dugaan Pungli ke Pengusaha, 10 ASN Dinas PUPR Garut Diperiksa Kejari"
210,"[<div class=""article__date"">02/07/2018, 18:53 WIB</div>]",Kompascom,Menteri PUPR Pertimbangkan Bangun GT di Kota Solo
211,"[<div class=""article__date"">30/06/2018, 06:34 WIB</div>]",Kompascom,"Atas Perintah Jokowi, Kementerian PUPR Renovasi Rumah Zohri dan Bangun yang Baru"
212,"[<div class=""article__date"">26/06/2018, 06:06 WIB</div>]",Kompascom,KPK Tetapkan Tersangka Baru Kasus Suap Proyek PUPR
213,"[<div class=""article__date"">24/06/2018, 20:19 WIB</div>]",Kompascom,Penangkapan Penjambret Dirjen PUPR Kuak Sindikat Jambret Tenda Oranye
214,"[<div class=""article__date"">24/06/2018, 16:12 WIB</div>]",Kompascom,"Menteri PUPR: Integrasi Tarif Tol JORR Bukan untuk Menambah ""Income"" BUJT"
215,"[<div class=""article__date"">24/06/2018, 13:16 WIB</div>]",Kompascom,Basuki Desak Pemprov DKI Percepat Konstruksi Trotoar Sudirman
216,"[<div class=""article__date"">22/06/2018, 10:34 WIB</div>]",Kompascom,Basuki Pastikan Kualitas Sarana-Prasarana Asian Games 2018
217,"[<div class=""article__date"">18/06/2018, 11:02 WIB</div>]",Kompascom,"Dengan ""Golf Car"", Basuki Cek Kesiapan Sarana-Prasarana Asian Games "
218,"[<div class=""article__date"">13/06/2018, 23:26 WIB</div>]",Kompascom,Pro Kontra Kebijakan Integrasi Jalan Tol JORR
219,"[<div class=""article__date"">11/06/2018, 10:30 WIB</div>]",Kompascom,"Tol Medan-Tebing Tinggi Dibuka Fungsional, Kementerian PUPR Klaim Lalu Lintas Kini Lancar"
220,"[<div class=""article__date"">07/06/2018, 15:23 WIB</div>]",Kompascom,"Soal Kemiringan Jembatan Kali Kenteng, Menteri Basuki Sebut Sepeda Korlantas Saja Bisa Lewat"
221,"[<div class=""article__date"">06/06/2018, 17:26 WIB</div>]",Kompascom,"588 Posko Sapta Taruna dan Informasi ""Online"" Disiagakan untuk Pemudik"
222,"[<div class=""article__date"">06/06/2018, 17:09 WIB</div>]",Kompascom,KPK Segel 2 Ruangan di Dinas PUPR Blitar
223,"[<div class=""article__date"">06/06/2018, 16:55 WIB</div>]",Kompascom,Uang Suap Bupati Halmahera Timur Diduga untuk Rapimnas PDI Perjuangan
224,"[<div class=""article__date"">02/06/2018, 15:52 WIB</div>]",Kompascom,Kolusi Bupati Halmahera Timur di Kementerian PUPR Libatkan Politisi PDI-P
225,"[<div class=""article__date"">18/05/2018, 13:58 WIB</div>]",Kompascom,"Tahun Depan, Kementerian PUPR Usulkan Anggaran Rp 102,01 Triliun "
226,"[<div class=""article__date"">18/05/2018, 11:00 WIB</div>]",Kompascom,Kementerian PUPR Petakan Kawasan RawanLongsor saat Musim Mudik
227,"[<div class=""article__date"">18/05/2018, 09:30 WIB</div>]",Kompascom,Basuki Pastikan Tarif Tol Didiskon 10 Persen Saat Mudik
228,"[<div class=""article__date"">17/05/2018, 14:00 WIB</div>]",Kompascom,"Program Sejuta Rumah, ""Nafsu Besar Uang Kurang"""
229,"[<div class=""article__date"">16/05/2018, 17:32 WIB</div>]",Kompascom,Masjid yang Rusak Saat Gempa Aceh Itu Kini Tegak Kembali
230,"[<div class=""article__date"">16/05/2018, 08:39 WIB</div>]",Kompascom,"Zaman Orba, Menteri Perumahan Rakyat Dijabat Orang Kuat"
231,"[<div class=""article__date"">15/05/2018, 10:09 WIB</div>]",Kompascom,Basuki Buka Suara Soal Percepatan Infrastruktur dan Diskon Tarif Tol
232,"[<div class=""article__date"">14/05/2018, 17:13 WIB</div>]",Kompascom,Berita Populer: Menteri Basuki Diperiksa KPK hingga Krisis Mothercare
233,"[<div class=""article__date"">14/05/2018, 11:21 WIB</div>]",Kompascom,Berita Populer: Bisnis Lotte Ambruk hingga KPK Periksa Basuki
234,"[<div class=""article__date"">14/05/2018, 10:57 WIB</div>]",Kompascom,"Usai Diperiksa KPK, Menteri Basuki Sebut Tak Kenal Bupati Rudi Erawan"
235,"[<div class=""article__date"">12/05/2018, 18:34 WIB</div>]",Kompascom,KPK Periksa 2 Saksi terkait Kasus Suap Dinas PUPR Mojokerto
236,"[<div class=""article__date"">12/05/2018, 13:06 WIB</div>]",Kompascom,"Jadi Saksi Kasus Suap Proyek PUPR, Menteri Basuki Penuhi Panggilan KPK "
237,"[<div class=""article__date"">11/05/2018, 17:41 WIB</div>]",Kompascom,"Komisi V DPR Tuding Pencitraan, Basuki Bilang ""No Comment"""
238,"[<div class=""article__date"">11/05/2018, 13:48 WIB</div>]",Kompascom,Kementerian PUPR Bangun Rumah Susun Sekolah Tenun
239,"[<div class=""article__date"">11/05/2018, 11:07 WIB</div>]",Kompascom,KPK Jadwal Ulang Pemeriksaan Menteri Basuki sebagai Saksi Suap PUPR
240,"[<div class=""article__date"">02/05/2018, 17:49 WIB</div>]",Kompascom,"Kasus Suap Proyek PUPR, KPK Periksa Menteri Basuki "
241,"[<div class=""article__date"">02/05/2018, 14:37 WIB</div>]",Kompascom,KPK Periksa Tiga Saksi Terkait Kasus Suap Dinas PUPR Mojokerto
242,"[<div class=""article__date"">29/04/2018, 21:50 WIB</div>]",Kompascom,"Sisa 4 Bulan Lagi, Beberapa ""Venue"" Asian Games Belum Rampung "
243,"[<div class=""article__date"">25/04/2018, 16:00 WIB</div>]",Kompascom,"Per April, Pembangunan Venue Asian Games Habiskan Dana Rp 3,7 Triliun"
244,"[<div class=""article__date"">25/04/2018, 15:39 WIB</div>]",Kompascom,"Hingga April, Belanja Infrastruktur Kementerian PUPR Rp 15,4 Triliun"
245,"[<div class=""article__date"">25/04/2018, 13:14 WIB</div>]",Kompascom,Basuki Main Perkusi dengan 2 Wanita Cantik
246,"[<div class=""article__date"">24/04/2018, 11:37 WIB</div>]",Kompascom,Revitalisasi Rawapening Capai 40 Persen. 
247,"[<div class=""article__date"">19/04/2018, 22:57 WIB</div>]",Kompascom,"Basuki Teken Tarif Tol Ngawi-Wilangan, Berlaku Efektif 1 Mei"
248,"[<div class=""article__date"">18/04/2018, 23:30 WIB</div>]",Kompascom,Kementerian PUPR Bangun Rusunawa Khusus Lansia
249,"[<div class=""article__date"">18/04/2018, 13:02 WIB</div>]",Kompascom,Pemerintah Kirim Rangka Baja Pengganti Jembatan Babat
250,"[<div class=""article__date"">18/04/2018, 11:09 WIB</div>]",Kompascom,"Banyak Insiden Infrastruktur, Zulkifli Hasan Minta Pemerintah Evaluasi"
251,"[<div class=""article__date"">17/04/2018, 13:18 WIB</div>]",Kompascom,"Tunjangan PNS Naik, Basuki Minta Kinerja Ditingkatkan "
252,"[<div class=""article__date"">17/04/2018, 12:03 WIB</div>]",Kompascom,"Baut Lepas, Kementerian PUPR Klaim Rutin Merawat Jembatan Babat"
253,"[<div class=""article__date"">11/04/2018, 19:48 WIB</div>]",Kompascom,Kementerian PUPR Terjunkan Tim Ahli Tangani Ambruknya Jembatan Babat
254,"[<div class=""article__date"">03/04/2018, 14:00 WIB</div>]",Kompascom,Basuki Janjikan Umrah kepada Pelaku Konstruksi Inovatif
255,"[<div class=""article__date"">20/03/2018, 15:26 WIB</div>]",Kompascom,"Kasus Suap Proyek PUPR, KPK Perpanjang Penahanan Bupati Halmahera Timur"
256,"[<div class=""article__date"">20/03/2018, 12:00 WIB</div>]",Kompascom,Penyidik Direskrimus Ikut Pelatihan Kementerian PUPR
257,"[<div class=""article__date"">20/03/2018, 11:18 WIB</div>]",Kompascom,"Kecelakaan Kerja Lagi, Waskita Dipanggil Kementerian PUPR"
258,"[<div class=""article__date"">17/03/2018, 21:00 WIB</div>]",Kompascom,Basuki Pernah Kena Denda Pajak Rp 80 Juta
259,"[<div class=""article__date"">16/03/2018, 07:00 WIB</div>]",Kompascom,"Isi SPT, Basuki Sebut Pajak Sumber Dana Proyek Infrastruktur"
260,"[<div class=""article__date"">13/03/2018, 18:42 WIB</div>]",Kompascom,Basuki Minta 58 KM Jalan Rusak di Perbatasan Papua Beres 4 Bulan
261,"[<div class=""article__date"">12/03/2018, 22:22 WIB</div>]",Kompascom,Dinas PUPR Kendal Tuding Waskita Lambat Perbaiki Jalan Rusak
262,"[<div class=""article__date"">12/03/2018, 18:05 WIB</div>]",Kompascom,"Razia Air di Gedung Tinggi, Sandiaga Mengaku Diapresiasi Menteri PUPR"
263,"[<div class=""article__date"">12/03/2018, 15:49 WIB</div>]",Kompascom,Basuki Layangkan Rekomendasi Sanksi BUMN Karya kepada Rini
264,"[<div class=""article__date"">09/03/2018, 07:00 WIB</div>]",Kompascom,"Marak Kecelakaan Proyek, Polri Koordinasi dengan Kementerian PUPR soal Pengawasan"
265,"[<div class=""article__date"">04/03/2018, 07:00 WIB</div>]",Kompascom,Menteri PUPR Sebut Ada Pejabat Waskita yang Dicopot karena Kecelakaan di Tol Becakayu
266,"[<div class=""article__date"">02/03/2018, 20:03 WIB</div>]",Kompascom,Kementerian PUPR Rampungkan Lelang 5.269 Paket Pekerjaan
267,"[<div class=""article__date"">02/03/2018, 09:00 WIB</div>]",Kompascom,Basuki: Jangan Terlambat Bangun Tol di Batam
268,"[<div class=""article__date"">02/03/2018, 08:31 WIB</div>]",Kompascom,"Menteri Basuki: Rusunawa Khusus Mahasiswa, Harga Sewa Kamar Rp 1,2 Juta"
269,"[<div class=""article__date"">01/03/2018, 16:00 WIB</div>]",Kompascom,Kementerian PUPR Bakal Latih 1.000 Tenaga Pengawas Infrastruktur
270,"[<div class=""article__date"">20/02/2018, 15:15 WIB</div>]",Kompascom,"Hari Ini, Menteri Basuki Tinjau Bendungan Sei Gong"
271,"[<div class=""article__date"">20/02/2018, 13:14 WIB</div>]",Kompascom,"Waskita Karya Akui Lalai, Ini Kata Basuki"
272,"[<div class=""article__date"">20/02/2018, 11:16 WIB</div>]",Kompascom,"Imbas Kecelakaan Infrastruktur, Menteri PUPR Kumpulkan BUJT "
273,"[<div class=""article__date"">19/02/2018, 11:40 WIB</div>]",Kompascom,Kementerian PUPR Evaluasi Jatuhnya Cetakan Konstruksi Tol Becakayu
274,"[<div class=""article__date"">17/02/2018, 12:22 WIB</div>]",Kompascom,"Menteri PUPR Hentikan Sementara Semua Proyek Infrastruktur yang ""Elevated"""
275,"[<div class=""article__date"">17/02/2018, 07:41 WIB</div>]",Kompascom,Basuki Menangis Lihat Kerusakan Stadion Utama GBK
276,"[<div class=""article__date"">15/02/2018, 23:54 WIB</div>]",Kompascom,Basuki Singgung Kecelakaan Infrastruktur di Forum Akademisi UGM
277,"[<div class=""article__date"">15/02/2018, 15:38 WIB</div>]",Kompascom,"Hari Ini, Basuki Sambangi Rusun Mahasiswa UGM"
278,"[<div class=""article__date"">12/02/2018, 20:00 WIB</div>]",Kompascom,"Cegah Banjir, Dinas PUPR Depok Normalisasi Kali dan Situ"
279,"[<div class=""article__date"">12/02/2018, 19:35 WIB</div>]",Kompascom,"Terkait KPR FLPP, PUPR Segera Teken Kontrak dengan BTN"
280,"[<div class=""article__date"">07/02/2018, 08:18 WIB</div>]",Kompascom,Basuki akan Bersikap Keras Jika Pegawai Kementerian PUPR Berpolitik
281,"[<div class=""article__date"">07/02/2018, 07:00 WIB</div>]",Kompascom,"Banjir Rob di Pantura Semarang Tak Kunjung Surut, Ini Kata Menteri Basuki"
282,"[<div class=""article__date"">05/02/2018, 21:00 WIB</div>]",Kompascom,Kementerian PUPR Targetkan Pembersihan Longsor Puncak Selesai Sepekan
283,"[<div class=""article__date"">05/02/2018, 17:00 WIB</div>]",Kompascom,"Banjir Masih Ancam Jakarta, Ini Antisipasi Pemerintah"
284,"[<div class=""article__date"">02/02/2018, 10:30 WIB</div>]",Kompascom,Basuki Sebut Alat Konstruksi Proyek DDT Baru
285,"[<div class=""article__date"">26/01/2018, 06:04 WIB</div>]",Kompascom,"Banyak Proyek Infrastruktur, Basuki Mengaku Tak Kewalahan"
286,"[<div class=""article__date"">24/01/2018, 14:00 WIB</div>]",Kompascom,Kontraktor Kecil dan Menengah Kuasai Proyek Kementerian PUPR
287,"[<div class=""article__date"">24/01/2018, 11:00 WIB</div>]",Kompascom,"Pulang Kerja, Dua Menteri Jokowi Asyik ""Nge-band"""
288,"[<div class=""article__date"">24/01/2018, 10:00 WIB</div>]",Kompascom,Kementerian PUPR Segera Umumkan Komite Keselamatan Konstruksi
289,"[<div class=""article__date"">18/01/2018, 16:43 WIB</div>]",Kompascom,"Jumat, Kementerian PUPR Umumkan Hasil Audit Insiden LRT"
290,"[<div class=""article__date"">17/01/2018, 14:39 WIB</div>]",Kompascom,"Kecelakaan Kerja Kerap Terjadi, Komisi V DPR Panggil Kementerian PUPR"
291,"[<div class=""article__date"">16/01/2018, 09:34 WIB</div>]",Kompascom,"Soal Ambrolnya Mezanin BEI, Ini Kata Menteri Basuki"
292,"[<div class=""article__date"">15/01/2018, 12:10 WIB</div>]",Kompascom,DKI Koordinasi dengan Kementerian PUPR untuk Renovasi Museum Bahari
293,"[<div class=""article__date"">11/01/2018, 13:25 WIB</div>]",Kompascom,Kementerian PUPR Terjunkan Tim Khusus Pasca Mezanin BEI Ambruk
294,"[<div class=""article__date"">10/01/2018, 22:00 WIB</div>]",Kompascom,"Basuki: Semua ""Venue"" untuk Asian Games Sudah Siap"
295,"[<div class=""article__date"">05/01/2018, 21:41 WIB</div>]",Kompascom,"Tahun Ini, Kementerian PUPR Mulai Bangun Irigasi Premium"
296,"[<div class=""article__date"">05/01/2018, 16:27 WIB</div>]",Kompascom,"Kejar Target Sejuta Rumah, 120 Pejabat Kementerian PUPR Dilantik"
297,"[<div class=""article__date"">02/01/2018, 16:20 WIB</div>]",Kompascom,Kementerian PUPR Wajibkan Alat Berat Diregistrasi
298,"[<div class=""article__date"">29/12/2017, 12:39 WIB</div>]",Kompascom,"Sudah Rp 13,8 Triliun Anggaran yang Dibelanjakan Kementerian PUPR"
299,"[<div class=""article__date"">29/12/2017, 12:25 WIB</div>]",Kompascom,"Soal SUGBK untuk Laga Vs Islandia, PSSI Bersurat ke Kementerian PUPR"
300,"[<div class=""article__date"">15/12/2017, 06:36 WIB</div>]",Kompascom,"Jelang Tutup Tahun, Penyerapan Anggaran Kementerian PUPR 90,48 Persen"
301,"[<div class=""article__date"">14/12/2017, 13:00 WIB</div>]",Kompascom,"Kementerian PUPR Siapkan Rp 11,24 Triliun untuk Program Padat Karya "
302,"[<div class=""article__date"">13/12/2017, 23:30 WIB</div>]",Kompascom,"Bertemu Menteri PUPR, Fadli Zon Sempat Bahas Pembangunan Gedung DPR"
303,"[<div class=""article__date"">13/12/2017, 21:46 WIB</div>]",Kompascom,Pembangunan Tol Bawen-Yogyakarta Mundur Setahun
304,"[<div class=""article__date"">12/12/2017, 07:26 WIB</div>]",Kompascom,Saatnya Teknologi Sosrobahu Jadi Tuan Rumah di Negeri Sendiri
305,"[<div class=""article__date"">11/12/2017, 22:00 WIB</div>]",Kompascom,"Resmi, ""Pier Head"" Perdana Tol Layang Jakarta-Cikampek Diputar"
306,"[<div class=""article__date"">11/12/2017, 20:56 WIB</div>]",Kompascom,"Pulang dari Turki, Jokowi akan Resmikan Tol Surabaya-Mojokerto"
307,"[<div class=""article__date"">11/12/2017, 19:29 WIB</div>]",Kompascom,"Dianggap Tidak Adil, Ini Jawaban Basuki kepada Kontraktor Daerah"
308,"[<div class=""article__date"">11/12/2017, 14:04 WIB</div>]",Kompascom,Kementerian PUPR Telah Melelang 1.320 Paket Pekerjaan
309,"[<div class=""article__date"">07/12/2017, 18:30 WIB</div>]",Kompascom,Begini Cara Basuki Cegah Korupsi di Kementerian PUPR
310,"[<div class=""article__date"">07/12/2017, 11:00 WIB</div>]",Kompascom,Kementerian PUPR Jadikan REI Mitra Terbaik Bangun Sejuta Rumah
311,"[<div class=""article__date"">07/12/2017, 09:43 WIB</div>]",Kompascom,"10 Tahun Pertama Bangun Tol, Investor Pasti Rugi"
312,"[<div class=""article__date"">06/12/2017, 18:30 WIB</div>]",Kompascom,"Kata Basuki, Macet di Tol karena Pemerintah Terlambat Membangun"
313,"[<div class=""article__date"">04/12/2017, 10:00 WIB</div>]",Kompascom,"DPR Tuding Jalan Tol Dikuasai ""Aseng"", Ini Jawaban Basuki"
314,"[<div class=""article__date"">01/12/2017, 22:00 WIB</div>]",Kompascom,"Meski Sering Macet, Kenaikan Tarif Tol Dalam Kota Disetujui Pemerintah"
315,"[<div class=""article__date"">28/11/2017, 16:13 WIB</div>]",Kompascom,Indonesia Tak Perlu Lagi Impor Bentang Panjang Jembatan
316,"[<div class=""article__date"">28/11/2017, 13:42 WIB</div>]",Kompascom,"Ditawarkan ke Investor, Bendungan Tiga Dihaji Tak Laku"
317,"[<div class=""article__date"">28/11/2017, 11:39 WIB</div>]",Kompascom,Basuki Ajak Warga Tanam Pohon di Sekitar Bendungan Raknamo 
318,"[<div class=""article__date"">28/11/2017, 09:05 WIB</div>]",Kompascom,Bendungan Terbesar di NTT Dibangun Awal 2018
319,"[<div class=""article__date"">27/11/2017, 10:01 WIB</div>]",Kompascom,"Tabuh Drum lalu Nyanyi ""Sio Mama"", Menteri Basuki Tuai Tepuk Tangan"
320,"[<div class=""article__date"">24/11/2017, 16:44 WIB</div>]",Kompascom,Duet Tim Basuki-TNI Targetkan 366 Kilometer Trans Papua Tersambung 
321,"[<div class=""article__date"">23/11/2017, 21:46 WIB</div>]",Kompascom,Ini Manfaat Bendungan Kuningan bagi Masyarakat Sekitar...
322,"[<div class=""article__date"">23/11/2017, 14:30 WIB</div>]",Kompascom,"Tunggu Jadwal Presiden, Tol Surabaya-Mojokerto Siap Diresmikan"
323,"[<div class=""article__date"">23/11/2017, 12:20 WIB</div>]",Kompascom,"Bersama Kadis PUPR, Wali Kota Mojokerto Diduga Ikut Suap Pimpinan DPRD"
324,"[<div class=""article__date"">23/11/2017, 09:09 WIB</div>]",Kompascom,"Kawasan GBK Senayan, Nostalgia Sri Mulyani Kala Muda"
325,"[<div class=""article__date"">22/11/2017, 23:59 WIB</div>]",Kompascom,Saat Basuki dan Sri Mulyani Unjuk Kebolehan Bermain Bola
326,"[<div class=""article__date"">22/11/2017, 14:28 WIB</div>]",Kompascom,Bendung Rentang Terus Berbenah Menyambut Asian Games 2018
327,"[<div class=""article__date"">22/11/2017, 11:17 WIB</div>]",Kompascom,"2017 Tinggal Sebulan Lagi, Rumah Khusus Terbangun Baru 5.083 Unit"
328,"[<div class=""article__date"">19/11/2017, 18:34 WIB</div>]",Kompascom,Kementerian PUPR Segera Keluarkan Rekomendasi untuk Gedung Baru DPR
329,"[<div class=""article__date"">19/11/2017, 10:53 WIB</div>]",Kompascom,"Hari Ini, Pemerintah Serahkan DIM RUU Pertanahan ke DPR"
330,"[<div class=""article__date"">16/11/2017, 06:44 WIB</div>]",Kompascom,"Supaya Mudah Bangun Rumah, Pengembang Wajib Terdaftar di Kemenkumham"
331,"[<div class=""article__date"">15/11/2017, 11:30 WIB</div>]",Kompascom,UBC Expo Kembali Digelar di Kementerian PUPR
332,"[<div class=""article__date"">15/11/2017, 09:50 WIB</div>]",Kompascom,Menteri PUPR: DPR Enggak Harus Bangun Gedung Baru dari Nol
333,"[<div class=""article__date"">14/11/2017, 20:30 WIB</div>]",Kompascom,"Desain Bendungan Lolak Berubah, Anggaran Membengkak "
334,"[<div class=""article__date"">14/11/2017, 19:30 WIB</div>]",Kompascom,"Terima Sertifikat, Kementerian PUPR Kini Bisa Revitalisasi Situ"
335,"[<div class=""article__date"">14/11/2017, 11:51 WIB</div>]",Kompascom,"Basuki Ingatkan PP Bangun Bendungan Harus ""Zero Accident"""
336,"[<div class=""article__date"">13/11/2017, 13:30 WIB</div>]",Kompascom,"Awal Tahun, Basuki Bakal Cek Kembali Hasil Kerja Kontraktor China"
337,"[<div class=""article__date"">11/11/2017, 19:30 WIB</div>]",Kompascom,Tahun 2018 Ditjen Bina Marga Kementerian PUPR Bangun 3.331 Km Jalan Baru
338,"[<div class=""article__date"">10/11/2017, 23:26 WIB</div>]",Kompascom,Ini Cara Pemerintah Hapus Wajah Kumuh Kampung Nelayan
339,"[<div class=""article__date"">08/11/2017, 15:27 WIB</div>]",Kompascom,"Dijajal Basuki Semalam, Ini Tampilan Baru Stadion Renang GBK Senayan"
340,"[<div class=""article__date"">08/11/2017, 14:35 WIB</div>]",Kompascom,Indonesia-Korsel Kerja Sama Garap SPAM Karian
341,"[<div class=""article__date"">07/11/2017, 14:14 WIB</div>]",Kompascom,315 Perusahaan Konstruksi Padati Indonesia Infrastructure Week
342,"[<div class=""article__date"">06/11/2017, 17:00 WIB</div>]",Kompascom,"Dituntut 12 Tahun, Musa Minta Pejabat PUPR Juga Dijadikan Tersangka"
343,"[<div class=""article__date"">06/11/2017, 15:00 WIB</div>]",Kompascom,Kementerian PUPR Bangun 19 Jembatan di Sabuk Merah Perbatasan NTT pada 2018
344,"[<div class=""article__date"">03/11/2017, 23:38 WIB</div>]",Kompascom,"Hanya 0,5 Persen Masyarakat yang Tertarik DP Rumah 1 Persen"
345,"[<div class=""article__date"">31/10/2017, 09:09 WIB</div>]",Kompascom,"Soal DP Rumah 0 Persen, Pemerintah Pusat Serahkan ke Pemda"
346,"[<div class=""article__date"">30/10/2017, 22:00 WIB</div>]",Kompascom,VIDEO: Menteri PUPR Sidak Perombakan Drainase Istana
347,"[<div class=""article__date"">30/10/2017, 16:00 WIB</div>]",Kompascom,"Kecelakaan Tol Paspro Makan Korban, Bisakah Waskita Dipidana?"
348,"[<div class=""article__date"">30/10/2017, 14:38 WIB</div>]",Kompascom,"Basuki: Ke Depan Tak Perlu Pusat Belanja dan ""Supermarket"" Gede"
349,"[<div class=""article__date"">28/10/2017, 20:48 WIB</div>]",Kompascom,"Basuki Sindir Generasi ""Zaman Now"" Kementerian PUPR"
350,"[<div class=""article__date"">26/10/2017, 21:09 WIB</div>]",Kompascom,"Basuki: Sudah Dapat ISO, Kelakuan Harus Berubah"
351,"[<div class=""article__date"">26/10/2017, 17:37 WIB</div>]",Kompascom,Kementerian PUPR Bangun 1016 meter Jembatan di Paralel Perbatasan
352,"[<div class=""article__date"">24/10/2017, 18:36 WIB</div>]",Kompascom,Warga Gugat Kementerian PUPR soal Pembebasan Lahan Tol Malang-Pandaan
353,"[<div class=""article__date"">23/10/2017, 20:45 WIB</div>]",Kompascom,Menteri PUPR: Tak Ada Rencana Bangun Tol dari Kulonprogo ke Borobudur
354,"[<div class=""article__date"">20/10/2017, 10:03 WIB</div>]",Kompascom,Menteri PUPR Sidak Proyek Drainase Senilai Rp 44 Miliar di Istana
355,"[<div class=""article__date"">17/10/2017, 23:00 WIB</div>]",Kompascom,Pembangunan Gedung baru DPR Bakal Diserahkan ke Kementerian PUPR
356,"[<div class=""article__date"">15/10/2017, 16:26 WIB</div>]",Kompascom,Kementerian PUPR Awasi Perbaikan Jalan Rusak di Medan yang Dikeluhkan Jokowi
357,"[<div class=""article__date"">12/10/2017, 18:00 WIB</div>]",Kompascom,Kementerian PUPR Minta Swasta Ikut Kembangkan TOD
358,"[<div class=""article__date"">12/10/2017, 15:00 WIB</div>]",Kompascom,"Arie S Moerwanto, Alumnus Pertama Asia Terima Penghargaan IHE Delft"
359,"[<div class=""article__date"">08/10/2017, 10:02 WIB</div>]",Kompascom,"Dapat Tambahan Rp 475 Miliar, Ini Program Baru Kementerian PUPR"
360,"[<div class=""article__date"">24/08/2017, 08:00 WIB</div>]",Kompascom,PUPR Dapat Tambahan Anggaran Rp 475 Miliar di RAPBN 2018
361,"[<div class=""article__date"">23/08/2017, 14:11 WIB</div>]",Kompascom,"Lihat Separator Membahayakan, Laporkan Melalui Aplikasi Ini"
362,"[<div class=""article__date"">21/08/2017, 15:15 WIB</div>]",Kompascom,Kementrian PUPR Upayakan Wajah Baru Permukiman Indonesia
363,"[<div class=""article__date"">19/08/2017, 22:10 WIB</div>]",Kompascom,"Jelang Idul Adha, Posko Kementerian PUPR Kembali Diaktifkan"
364,"[<div class=""article__date"">19/08/2017, 21:52 WIB</div>]",Kompascom,"Soal Biaya Sertifikasi, Kementerian PUPR Pilih Jemput Bola"
365,"[<div class=""article__date"">19/08/2017, 21:15 WIB</div>]",Kompascom,"Anggaran Ratusan Triliun, Mau Bangun Apa Kementerian Pimpinan Basuki?"
366,"[<div class=""article__date"">19/08/2017, 19:58 WIB</div>]",Kompascom,"Tahun 2018, Alokasi Anggaran Kementerian PUPR Rp 106,9 Triliun"
367,"[<div class=""article__date"">16/08/2017, 17:18 WIB</div>]",Kompascom,Kementerian PUPR Tunggu Permintaan Resmi DPR Soal Gedung Baru
368,"[<div class=""article__date"">15/08/2017, 07:00 WIB</div>]",Kompascom,"Mau Bangun Apartemen, DPR Harus Kantongi Rekomendasi Kementerian PUPR"
369,"[<div class=""article__date"">15/08/2017, 06:22 WIB</div>]",Kompascom,"Kajian Pembangunan Gedung DPR, Kementerian PUPR Tunggu Usul DPR"
370,"[<div class=""article__date"">14/08/2017, 18:24 WIB</div>]",Kompascom,Basuki Uji Pegawainya di Sidang Doktoral Undip
371,"[<div class=""article__date"">09/08/2017, 07:40 WIB</div>]",Kompascom,Basuki: Jangan Berhenti Belajar... 
372,"[<div class=""article__date"">08/08/2017, 11:48 WIB</div>]",Kompascom,Kementerian PU Belum Pernah Audit Konstruksi Gedung DPR Sejak 2009
373,"[<div class=""article__date"">03/08/2017, 11:57 WIB</div>]",Kompascom,KPK Geledah Kantor Bupati dan Kantor PUPR Bengkalis 
374,"[<div class=""article__date"">01/08/2017, 18:59 WIB</div>]",Kompascom,Kementerian PUPR Bangun Stadion Mini di Perbatasan Indonesia-Timor Leste
375,"[<div class=""article__date"">18/07/2017, 23:16 WIB</div>]",Kompascom,Menteri PUPR Terima Gelar Perekayasa Utama Kehormatan 2017
376,"[<div class=""article__date"">18/07/2017, 16:53 WIB</div>]",Kompascom,Menteri PUPR: Bukan Berarti Dana Haji Dipakai untuk Bangun Jembatan
377,"[<div class=""article__date"">18/07/2017, 11:19 WIB</div>]",Kompascom,Kementerian PUPR Siapkan SLF Simpang Susun Semanggi
378,"[<div class=""article__date"">16/07/2017, 14:14 WIB</div>]",Kompascom,Djarot Minta Izin ke Menteri PUPR untuk Kelola Kolong Tol di Jakarta 
379,"[<div class=""article__date"">15/07/2017, 07:17 WIB</div>]",Kompascom,Gedung BBWS Citarum Milik Kementrian PUPR Terbakar 
380,"[<div class=""article__date"">07/07/2017, 06:16 WIB</div>]",Kompascom,"Sultan Tolak Tol di Yogyakarta, Kementerian PUPR Janji Ajak Dialog"
381,"[<div class=""article__date"">06/07/2017, 19:00 WIB</div>]",Kompascom,Dinas PUPR Kota Bekasi Akan Koordinasi dengan Kementerian soal Jalan Aspal Dicampur Sampah Plastik
382,"[<div class=""article__date"">06/07/2017, 15:06 WIB</div>]",Kompascom,Kementerian PUPR Kaji Pengalaman Perpindahan Ibu Kota Dunia
383,"[<div class=""article__date"">02/07/2017, 18:00 WIB</div>]",Kompascom,Basuki Pastikan Pemotongan Anggaran Tak Ganggu Proyek Infrastruktur 
384,"[<div class=""article__date"">02/07/2017, 16:11 WIB</div>]",Kompascom,Anggaran Kementerian PUPR Dipangkas Rp 517 Miliar
385,"[<div class=""article__date"">25/06/2017, 18:52 WIB</div>]",Kompascom,"Dalam 5 Tahun, Indonesia Punya Ruang Terbuka Hijau 249,2 Hektar"
386,"[<div class=""article__date"">24/06/2017, 08:42 WIB</div>]",Kompascom,Kementerian PUPR Restorasi Kawasan Basah Terluas di Asia Tenggara
387,"[<div class=""article__date"">23/06/2017, 11:31 WIB</div>]",Kompascom,Menhub dan Menteri PUPR Ajak Sopir Bus Makan Nasi Kebuli
388,"[<div class=""article__date"">21/06/2017, 04:22 WIB</div>]",Kompascom,"Belanja Infrastruktur Kementerian PUPR Capai Rp 30,83 Triliun"
389,"[<div class=""article__date"">19/06/2017, 12:30 WIB</div>]",Kompascom,Mengintip Green Building Kementerian PUPR
390,"[<div class=""article__date"">22/05/2017, 17:48 WIB</div>]",Kompascom,"Posko Sapta Taruna PUPR, Penyelamat Para Pemudik di Kondisi Darurat"
391,"[<div class=""article__date"">17/05/2017, 18:13 WIB</div>]",Kompascom,Operasional Koridor 13 Transjakarta Tunggu Sertifikat Kelaikan Kementerian PUPR
392,"[<div class=""article__date"">15/05/2017, 22:20 WIB</div>]",Kompascom,Pengusaha Didakwa Suap Tiga Anggota DPR dan Seorang Pejabat PUPR
393,"[<div class=""article__date"">03/05/2017, 12:37 WIB</div>]",Kompascom,Staf Menteri PUPR Ini Jelaskan 3 Alasan Perlunya Reklamasi
394,"[<div class=""article__date"">01/05/2017, 20:49 WIB</div>]",Kompascom,"Menteri PUPR, Pramono Anung, dan Jembatan Ngadiluwih Kediri"
395,"[<div class=""article__date"">29/04/2017, 10:14 WIB</div>]",Kompascom,Menteri PUPR Blusukan ke Mega Proyek Jalan Lingkar
396,"[<div class=""article__date"">28/04/2017, 19:04 WIB</div>]",Kompascom,Bupati Pandeglang Minta Kementerian PUPR Perbaiki Jalan Rusak
397,"[<div class=""article__date"">21/04/2017, 11:09 WIB</div>]",Kompascom,Kementerian PUPR Gelar Edukasi Publik Penataan Lingkungan
398,"[<div class=""article__date"">20/04/2017, 22:48 WIB</div>]",Kompascom,Kementerian PUPR Edukasi Publik Soal Penataan Bangunan dan Lingkungan
399,"[<div class=""article__date"">20/04/2017, 21:04 WIB</div>]",Kompascom,Menteri PUPR: Masa Cuma Bikin Bendungan 7 Tahun? Karalloe Harus Dipercepat
400,"[<div class=""article__date"">19/04/2017, 15:38 WIB</div>]",Kompascom,Kapolri Teken MoU dengan Tujuh Lembaga
401,"[<div class=""article__date"">19/04/2017, 13:24 WIB</div>]",Kompascom,KPK Perpanjang Masa Penahanan Politisi PKB Musa Zainudin  
402,"[<div class=""article__date"">12/04/2017, 22:30 WIB</div>]",Kompascom,"Ganti Heli setelah Mendarat Darurat, Menteri PUPR Tiba di Bendungan Karangloe"
403,"[<div class=""article__date"">12/04/2017, 16:26 WIB</div>]",Kompascom,"Pilot Kena Serangan Jantung, Heli Berpenumpang Menteri PUPR Mendarat Darurat"
404,"[<div class=""article__date"">12/04/2017, 15:42 WIB</div>]",Kompascom,Djarot: Rusun Jatinegara Bocor Dibangun Kementerian PUPR
405,"[<div class=""article__date"">31/03/2017, 08:15 WIB</div>]",Kompascom,Pejabat PUPR Terbukti Gunakan Suap untuk Kampanye Cagub di Halmahera Timur
406,"[<div class=""article__date"">29/03/2017, 12:06 WIB</div>]",Kompascom,Mantan Pejabat PUPR Divonis 6 Tahun Penjara
407,"[<div class=""article__date"">22/03/2017, 08:15 WIB</div>]",Kompascom,"Hari Air Dunia, Kementerian PUPR Ajak Komunitas dan Masyarakat Jaga Lingkungan"
408,"[<div class=""article__date"">20/03/2017, 18:51 WIB</div>]",Kompascom,"Bacakan Nota Pembelaan, Mantan Pejabat PUPR Menangis"
409,"[<div class=""article__date"">17/03/2017, 08:17 WIB</div>]",Kompascom,"Peringati Hari Air Dunia, Kementerian PUPR Gandeng Masyarakat untuk Peduli Air"
410,"[<div class=""article__date"">15/03/2017, 22:25 WIB</div>]",Kompascom,Kementerian PUPR Dapat Empat PR Baru Siapkan Infrastruktur Asian Games 2018
411,"[<div class=""article__date"">15/03/2017, 19:00 WIB</div>]",Kompascom,Anggaran Infrastruktur Tiap Ditjen di Kementerian PUPR Rp 10 Triliun
412,"[<div class=""article__date"">14/03/2017, 19:00 WIB</div>]",Kompascom,Mantan Kepala BPJN Maluku Ditanya Pemberian Uang untuk Pejabat dan Menteri PUPR
413,"[<div class=""article__date"">14/03/2017, 16:37 WIB</div>]",Kompascom,Kementerian PUPR Studi Revitalisasi Danau Laut Tawar
414,"[<div class=""article__date"">13/03/2017, 12:09 WIB</div>]",Kompascom,Pusat Pengendalian Lumpur Sidoarjo Masuk Struktur Kementerian PUPR
415,"[<div class=""article__date"">11/03/2017, 09:31 WIB</div>]",Kompascom,"Kadis PUPR Kupang: Lahan ""Resettlement"" Eks Timtim Sudah Bersertifikat"
416,"[<div class=""article__date"">10/03/2017, 22:00 WIB</div>]",Kompascom,"Dugaan Suap di Kementerian PUPR, KPK Periksa Musa Zainudin"
417,"[<div class=""article__date"">03/03/2017, 13:26 WIB</div>]",Kompascom,"Dukung Perkembangan Irigasi, Kementerian PUPR Hadiri Kongres Inacid 2017"
418,"[<div class=""article__date"">01/03/2017, 22:02 WIB</div>]",Kompascom,Kementerian PUPR Kaji Dampak MRT dan LRT Terhadap Kawasan
419,"[<div class=""article__date"">01/03/2017, 21:31 WIB</div>]",Kompascom,KPK Kembali Periksa Politisi PKB dan Pejabat Kementerian PUPR
420,"[<div class=""article__date"">20/02/2017, 08:15 WIB</div>]",Kompascom,"Kasus Suap Kementerian PUPR, KPK Tahan Komisaris PT Cahaya Mas Perkasa"
421,"[<div class=""article__date"">13/02/2017, 15:17 WIB</div>]",Kompascom,"Temui Dubes Perancis, Basuki Bahas Kerja Sama Penataan Kota"
422,"[<div class=""article__date"">11/02/2017, 14:23 WIB</div>]",Kompascom,Ditjen SDA Kementerian PUPR Resmikan Program JIAT di Lampung Selatan 
423,"[<div class=""article__date"">09/02/2017, 19:24 WIB</div>]",Kompascom,"Pencalonan Pejabat di Kementerian PUPR, Amran Minta Dukungan PDI-P"
424,"[<div class=""article__date"">09/02/2017, 12:27 WIB</div>]",Kompascom,"Maurin Pensiun, Syarif Burhanuddin Plt Dirjen Pembiayaan Perumahan"
425,"[<div class=""article__date"">07/02/2017, 23:00 WIB</div>]",Kompascom,"KPK ""Ancam"" Jemput Paksa Bupati Halmahera Timur untuk Jadi Saksi"
426,"[<div class=""article__date"">25/01/2017, 19:45 WIB</div>]",Kompascom,"Kasus Suap Proyek Kementerian PUPR, KPK Periksa Anggota DPRD Kota Bekasi"
427,"[<div class=""article__date"">23/01/2017, 13:46 WIB</div>]",Kompascom,Serapan Anggaran 2017 Kementerian PUPR Tersendat
428,"[<div class=""article__date"">19/01/2017, 15:18 WIB</div>]",Kompascom,"Suap PUPR, Politisi PKB Disebut Emosi Namanya Tak Masuk Pengusul Program Aspirasi"
429,"[<div class=""article__date"">18/01/2017, 09:35 WIB</div>]",Kompascom,Politisi PAN Mengaku Gunakan Uang Suap untuk Tur Eropa dan Umrah
430,"[<div class=""article__date"">17/01/2017, 21:00 WIB</div>]",Kompascom,"Bahas Pembebasan Lahan Tol, Menteri ATR dan PUPR Merapat ke Kementerian BUMN"
431,"[<div class=""article__date"">17/01/2017, 16:00 WIB</div>]",Kompascom,"Satu Bulan ""Pattimura 20"" Serap Anggaran Rp 11,58 Triliun "
432,"[<div class=""article__date"">17/01/2017, 14:55 WIB</div>]",Kompascom,"Serapan Anggaran 2016 Tak Sesuai Target, Basuki Minta Maaf"
433,"[<div class=""article__date"">17/01/2017, 12:59 WIB</div>]",Kompascom,"Di Mata DPR, Kinerja Kementerian PUPR Banyak Catatan"
434,"[<div class=""article__date"">16/01/2017, 20:10 WIB</div>]",Kompascom,"Kementerian PUPR Teken Kontrak Paket Pekerjaan Rp 6,44 Triliun"
435,"[<div class=""article__date"">06/01/2017, 14:56 WIB</div>]",Kompascom,392 Kilometer Jalan Tol Ditargetkan Beroperasi Tahun Ini
436,"[<div class=""article__date"">06/01/2017, 08:57 WIB</div>]",Kompascom,Politisi PKB Tak Hadiri Pemeriksaan KPK Terkait Dugaan Suap di Kementerian PUPR
437,"[<div class=""article__date"">05/01/2017, 23:39 WIB</div>]",Kompascom,Pengamat Menilai Rapor Pemerintah di Sektor Perumahan Masih Merah
438,"[<div class=""article__date"">04/01/2017, 19:00 WIB</div>]",Kompascom,"Soal Kinerja Kementerian PUPR, Ini Kata Pengamat"
439,"[<div class=""article__date"">04/01/2017, 10:10 WIB</div>]",Kompascom,Ini Kinerja Kementerian PUPR Sepanjang 2016
440,"[<div class=""article__date"">31/12/2016, 10:24 WIB</div>]",Kompascom,Pengamat: Belanja Modal Kementerian PUPR Tahun Ini Lebih Optimal
441,"[<div class=""article__date"">30/12/2016, 18:18 WIB</div>]",Kompascom,Ini Rincian APBN 2017 Kementerian PUPR
442,"[<div class=""article__date"">30/12/2016, 17:47 WIB</div>]",Kompascom,Tim Saber Pungli Kementerian PUPR Bekerja Efektif Mulai 2017
443,"[<div class=""article__date"">30/12/2016, 14:55 WIB</div>]",Kompascom,Ini Tiga Sebab Target Program Sejuta Rumah Meleset
444,"[<div class=""article__date"">27/12/2016, 19:34 WIB</div>]",Kompascom,"Hingga Akhir 2016, Realisasi Sejuta Rumah Meleset dari Target"
445,"[<div class=""article__date"">23/12/2016, 19:10 WIB</div>]",Kompascom,"Jelang Akhir Tahun, Serapan Anggaran Kementerian PUPR 90 Persen"
446,"[<div class=""article__date"">21/12/2016, 11:15 WIB</div>]",Kompascom,"Rabu, Tim Kementerian PUPR Mendata Jalan dan Jembatan Rusak di Bima"
447,"[<div class=""article__date"">20/12/2016, 12:59 WIB</div>]",Kompascom,Menteri PUPR: Butuh Waktu 3 Bulan Perbaiki Jembatan Cisomang
448,"[<div class=""article__date"">13/12/2016, 12:22 WIB</div>]",Kompascom,KPK Panggil Pejabat PUPR Terkait Kasus Suap Anggota Komisi V DPR
449,"[<div class=""article__date"">09/12/2016, 14:57 WIB</div>]",Kompascom,KPK Panggil Tenaga Ahli Anggota Komisi V dalam Kasus Suap Kementerian PUPR
450,"[<div class=""article__date"">09/11/2016, 18:00 WIB</div>]",Kompascom,"Dugaan Suap Proyek, KPK Panggil Staf Kementerian PUPR dan Pihak Swasta"
451,"[<div class=""article__date"">07/11/2016, 17:43 WIB</div>]",Kompascom,Memotivasi Pemerintah Daerah dengan Penghargaan PUPR 2016
452,"[<div class=""article__date"">04/11/2016, 11:09 WIB</div>]",Kompascom,Peran Kementerian PUPR dalam Pengelolaan Danau di Indonesia
453,"[<div class=""article__date"">03/11/2016, 09:25 WIB</div>]",Kompascom,Kementerian PUPR Diminta Audit 5 Proyek Rusun yang Dihentikan Ahok
454,"[<div class=""article__date"">28/10/2016, 20:02 WIB</div>]",Kompascom,"Diperiksa KPK, Politisi Golkar Bantah Terima Suap Proyek Kementerian PUPR"
455,"[<div class=""article__date"">28/10/2016, 09:24 WIB</div>]",Kompascom,"Awal November, Serapan Anggaran Kementerian PUPR Capai 58 Persen"
456,"[<div class=""article__date"">25/10/2016, 22:56 WIB</div>]",Kompascom,Amran Diminta Pejabat Kementerian PUPR untuk Tutup Mulut soal Suap Proyek
457,"[<div class=""article__date"">25/10/2016, 20:30 WIB</div>]",Kompascom,Kementerian PUPR Menanam 2.500 Pohon di Bantaran Sungai Citarum
458,"[<div class=""article__date"">24/10/2016, 19:30 WIB</div>]",Kompascom,"Diperiksa KPK, Andi Taufan Tiro Ditanya Penganggaran Proyek di Kementerian PUPR"
459,"[<div class=""article__date"">10/10/2016, 12:01 WIB</div>]",Kompascom,Catatan Dua Tahun Kementerian PUPR Kabinet Kerja Jokowi-JK
460,"[<div class=""article__date"">07/10/2016, 20:00 WIB</div>]",Kompascom,"Anggaran RAPBN 2017 Kementerian PUPR Rp 101,496 Triliun"
461,"[<div class=""article__date"">07/10/2016, 17:30 WIB</div>]",Kompascom,"Jembatan Pangandaran Ambles, Kementerian PUPR Pasang Barier"
462,"[<div class=""article__date"">07/10/2016, 15:00 WIB</div>]",Kompascom,"Sudah 2 Tahun, Kinerja Kementerian PUPR Masih Jauh dari Harapan"
463,"[<div class=""article__date"">06/10/2016, 16:30 WIB</div>]",Kompascom,"Realisasi Anggaran Kementerian PUPR Tembus 52,83 Persen"
464,"[<div class=""article__date"">06/10/2016, 15:30 WIB</div>]",Kompascom,"Dua Tahun Bekerja, Ini Capaian Kementerian PUPR"
465,"[<div class=""article__date"">08/09/2016, 13:52 WIB</div>]",Kompascom,"Minggu Depan, Kementerian PUPR Gelar Pertemuan dengan Toni Ruttimann "
466,"[<div class=""article__date"">04/09/2016, 08:00 WIB</div>]",Kompascom,"Kementerian PUPR Tunggu Tagihan ""Demurrage"" Toni Ruttimann"
467,"[<div class=""article__date"">29/08/2016, 19:00 WIB</div>]",Kompascom,"Pejabat PUPR Tersangka Kasus Suap Anggota DPR Ajukan ""Justice Collabolator"" "
468,"[<div class=""article__date"">29/08/2016, 18:19 WIB</div>]",Kompascom,"Gaet Investor Swasta, Kementerian PUPR Bentuk ""PPP Center"""
469,"[<div class=""article__date"">27/08/2016, 05:30 WIB</div>]",Kompascom,"Anggaran Dipotong Dua Kali, Ini Strategi Kementerian PUPR"
470,"[<div class=""article__date"">26/08/2016, 16:29 WIB</div>]",Kompascom,"Anggaran Kembali Dipangkas, Kementerian PUPR Lakukan Penghematan"
471,"[<div class=""article__date"">22/08/2016, 15:28 WIB</div>]",Kompascom,Kemenperin dan Kementerian PUPR Susun Standardisasi Bahan Bangunan
472,"[<div class=""article__date"">20/08/2016, 12:56 WIB</div>]",Kompascom,"Masuki Semester II, Anggaran Kementerian PUPR Baru Terserap 42,64 Persen"
473,"[<div class=""article__date"">18/08/2016, 08:00 WIB</div>]",Kompascom,WIKA Tunjuk Dirjen SDA Kementerian PUPR Jadi Komisaris Utama 
474,"[<div class=""article__date"">16/08/2016, 12:07 WIB</div>]",Kompascom,Listrik Rumah Subsidi Bukan Kewenangan Kementerian PUPR
475,"[<div class=""article__date"">15/08/2016, 17:42 WIB</div>]",Kompascom,"Meski Terbesar, Anggaran Kementerian PUPR Dinilai Kurang"
476,"[<div class=""article__date"">12/08/2016, 12:31 WIB</div>]",Kompascom,"Kasus Suap Proyek Kementerian PUPR, KPK Periksa Politisi PKB Musa Zainuddin "
477,"[<div class=""article__date"">09/08/2016, 07:27 WIB</div>]",Kompascom,Damayanti Ungkap Komisi V Ancam Anggaran Kementerian PUPR jika Usulan Tak Dipenuhi
478,"[<div class=""article__date"">07/08/2016, 10:00 WIB</div>]",Kompascom,Serapan Anggaran Kementerian PUPR Meleset dari Target
479,"[<div class=""article__date"">06/08/2016, 22:00 WIB</div>]",Kompascom,"Suap di Kementerian PUPR, Dirjen Bina Marga Disebut Terima 60.000 Dollar AS"
480,"[<div class=""article__date"">04/07/2016, 23:33 WIB</div>]",Kompascom,Ini Alasan Gapensi Usulkan Anggaran Kementerian PUPR Tak Dipangkas
481,"[<div class=""article__date"">24/06/2016, 16:56 WIB</div>]",Kompascom,Gapensi: Jangan Pangkas Anggaran Kementerian PUPR
482,"[<div class=""article__date"">23/06/2016, 10:11 WIB</div>]",Kompascom,"Benahi Jalur Mudik, PUPR: 90% Siap Dilalui"
483,"[<div class=""article__date"">22/06/2016, 23:59 WIB</div>]",Kompascom,KPK Tidak Pernah Terima Pengembalian Uang Gratifikasi dari Sekjen PUPR
484,"[<div class=""article__date"">22/06/2016, 15:43 WIB</div>]",Kompascom,"Suap di Kementerian PUPR, Mulai dari Uang Lembur hingga Biaya Nikah"
485,"[<div class=""article__date"">22/06/2016, 14:13 WIB</div>]",Kompascom,Kementerian PUPR Fokus Rampungkan 130 Proyek Strategis Nasional
486,"[<div class=""article__date"">22/06/2016, 13:29 WIB</div>]",Kompascom,Pejabat PUPR Mengaku Terima Uang 5.000 Dollar AS dari Kepala BPJN IX Maluku
487,"[<div class=""article__date"">18/06/2016, 17:00 WIB</div>]",Kompascom,Sekjen PUPR Kembalikan Uang 10.000 Dollar AS karena Panik Ada OTT KPK 
488,"[<div class=""article__date"">18/06/2016, 16:00 WIB</div>]",Kompascom,Sekjen Kementerian PUPR Akui Terima Uang 10.000 Dollar AS
489,"[<div class=""article__date"">02/06/2016, 19:07 WIB</div>]",Kompascom,Ini Sektor-sektor Kementerian PUPR yang Terkena Dampak Pemotongan Anggaran
490,"[<div class=""article__date"">01/06/2016, 23:11 WIB</div>]",Kompascom,"Anggaran Dipangkas, Kementerian PUPR Siapkan Strategi Penghematan"
491,"[<div class=""article__date"">01/06/2016, 13:09 WIB</div>]",Kompascom,Wakil Ketua Komisi V Bantah Ikut Pertemuan dengan Sekjen Kementerian PUPR
492,"[<div class=""article__date"">24/05/2016, 12:31 WIB</div>]",Kompascom,Sekjen PUPR Akui soal Pertemuan Informal dengan Pimpinan Komisi V DPR 
493,"[<div class=""article__date"">19/05/2016, 13:00 WIB</div>]",Kompascom,KPK Periksa Sekjen Kementerian PUPR Terkait Dugaan Suap Anggota DPR
494,"[<div class=""article__date"">14/05/2016, 19:46 WIB</div>]",Kompascom,Kalau Tidak Hati-hati Kementerian PUPR Bisa Kena Gratifikasi
495,"[<div class=""article__date"">11/05/2016, 14:59 WIB</div>]",Kompascom,Perumnas Minta Kementerian PUPR Bangun Sarana Wisma Atlet Palembang
496,"[<div class=""article__date"">29/04/2016, 15:00 WIB</div>]",Kompascom,Kementrian PUPR Temui Kepala Dinas Daerah
497,"[<div class=""article__date"">26/04/2016, 21:51 WIB</div>]",Kompascom,"Janjikan ""Masterplan"" NCICD 2 Minggu, Kementerian PUPR Dinilai Abaikan Instruksi Jokowi"
498,"[<div class=""article__date"">24/04/2016, 06:15 WIB</div>]",Kompascom,"Hingga April, Serapan Anggaran Kementerian PUPR 12,68 Persen "
499,"[<div class=""article__date"">23/04/2016, 15:08 WIB</div>]",Kompascom,"Telusuri Kasus Suap, KPK Periksa 5 Pejabat Kementerian PUPR di Maluku "
500,"[<div class=""article__date"">22/04/2016, 12:26 WIB</div>]",Kompascom,Stafsus PUPR: Reklamasi Itu Kebutuhan!
501,"[<div class=""article__date"">20/04/2016, 09:30 WIB</div>]",Kompascom,Staf Khusus Menteri PUPR: Izin Reklamasi Ahok Tidak Melanggar Hukum
502,"[<div class=""article__date"">19/04/2016, 17:31 WIB</div>]",Kompascom,"Telusuri Dugaan Suap Anggota DPR, KPK Periksa Dirjen Bina Marga Kementerian PUPR"
503,"[<div class=""article__date"">18/04/2016, 16:37 WIB</div>]",Kompascom,"Tahun Depan, Kebutuhan Anggaran Kementerian PUPR Rp 166 Triliun"
504,"[<div class=""article__date"">12/04/2016, 10:29 WIB</div>]",Kompascom,PKS Akan Klarifikasi Keterlibatan Kadernya di Kasus Suap Proyek PUPR
505,"[<div class=""article__date"">24/03/2016, 18:30 WIB</div>]",Kompascom,Anggota DPR Musa Zainuddin dan Andi Taufan Disebut Terima Suap Proyek di PUPR
506,"[<div class=""article__date"">23/03/2016, 10:59 WIB</div>]",Kompascom,Wakil Ketua Komisi V DPR Yudi Widiana Diperiksa KPK soal Suap Proyek PUPR
507,"[<div class=""article__date"">17/03/2016, 16:00 WIB</div>]",Kompascom,KPK Geledah Kantor Kementerian PUPR untuk Telusuri Kasus Suap Anggota DPR
508,"[<div class=""article__date"">15/03/2016, 14:03 WIB</div>]",Kompascom,"Hari Ini, KPK Periksa 7 Pejabat Kementerian PUPR Terkait Suap Anggota DPR"
509,"[<div class=""article__date"">08/03/2016, 11:25 WIB</div>]",Kompascom,Presiden dan Kementerian PUPR Beda Target Operasional Waduk Jatigede
510,"[<div class=""article__date"">04/02/2016, 19:17 WIB</div>]",Kompascom,"90 Persen Kontrak Konstruksi Bermasalah, Menteri PUPR Dekarasikan HAKKI"
511,"[<div class=""article__date"">03/02/2016, 12:15 WIB</div>]",Kompascom,KPK Periksa Dirjen Bina Marga Kementerian PUPR soal Kasus Suap Komisi V
512,"[<div class=""article__date"">30/01/2016, 16:00 WIB</div>]",Kompascom,Menteri PUPR: Tol Suramadu Tak Mungkin Digratiskan
513,"[<div class=""article__date"">28/01/2016, 06:53 WIB</div>]",Kompascom,KPK Periksa Dirjen Bina Marga sebagai Saksi Dugaan Suap Proyek di Kementerian PUPR
514,"[<div class=""article__date"">27/01/2016, 08:09 WIB</div>]",Kompascom,Kementerian PUPR Tak Jamin Mekanisme BSPS Bebas Kolusi
515,"[<div class=""article__date"">26/01/2016, 19:31 WIB</div>]",Kompascom,"Kata Penyuap Anggota DPR, Ada Aturan Main agar Dapat Proyek di Kementerian PUPR"
516,"[<div class=""article__date"">26/01/2016, 10:41 WIB</div>]",Kompascom,Penyuap Damayanti Disebut Kerap Minta Proyek ke Kementerian PUPR
517,"[<div class=""article__date"">22/01/2016, 18:50 WIB</div>]",Kompascom,"Jika Diperlukan, KPK Bisa Periksa Menteri PUPR"
518,"[<div class=""article__date"">20/01/2016, 15:00 WIB</div>]",Kompascom,KPK Panggil Kepala BPJN IX Kementerian PUPR Terkait Kasus Damayanti
519,"[<div class=""article__date"">15/01/2016, 19:19 WIB</div>]",Kompascom,Damayanti Sebut Nama Yudi Soal Proyek PUPR
520,"[<div class=""article__date"">14/01/2016, 19:12 WIB</div>]",Kompascom,Kementerian PUPR Bantah Bendungan Titab Bali Meledak dan Rusak
521,"[<div class=""article__date"">06/01/2016, 11:42 WIB</div>]",Kompascom,KPK Geledah Tiga Lokasi Terkait Kasus Suap Proyek di Kementerian PUPR
522,"[<div class=""article__date"">06/01/2016, 09:38 WIB</div>]",Kompascom,Kasus Suap Kader PDI-P Diduga Terkait Proyek Kementerian PUPR Tahun 2016
523,"[<div class=""article__date"">23/12/2015, 13:00 WIB</div>]",Kompascom,Pesan Jokowi untuk Kementerian PUPR
524,"[<div class=""article__date"">22/12/2015, 23:00 WIB</div>]",Kompascom,Jokowi Saksikan Cepatnya Kementerian PUPR Menyerap Anggaran
525,"[<div class=""article__date"">04/11/2015, 14:04 WIB</div>]",Kompascom,"Demi Mencapai Target, Kementerian PUPR Percepat Lelang Proyek"
526,"[<div class=""article__date"">21/10/2015, 07:00 WIB</div>]",Kompascom,"Tahun Depan, Kementerian PUPR Prioritaskan Empat Sektor "
527,"[<div class=""article__date"">14/10/2015, 13:50 WIB</div>]",Kompascom,"Bangun Infrastruktur, JK Ingin Anggaran Kementerian PUPR Capai Rp 200 Triliun"
528,"[<div class=""article__date"">13/10/2015, 13:00 WIB</div>]",Kompascom,"Menteri PUPR: Kinerja Kabinet Setahun Ini ""Rock And Roll"""
529,"[<div class=""article__date"">03/09/2015, 07:00 WIB</div>]",Kompascom,"Konsorsium Asuransi, Penjamin Proyek-proyek Kementerian PUPR"
530,"[<div class=""article__date"">02/09/2015, 13:11 WIB</div>]",Kompascom,Ini Kinerja Setahun Kementerian PUPR
531,"[<div class=""article__date"">27/08/2015, 16:21 WIB</div>]",Kompascom,Serapan Anggaran Kementerian PUPR Baru 33 Persen
532,"[<div class=""article__date"">24/08/2015, 13:30 WIB</div>]",Kompascom,Ini Rencana Kementerian PUPR yang Dinilai Tidak Realistis
533,"[<div class=""article__date"">15/08/2015, 22:00 WIB</div>]",Kompascom,Kementerian Pertanian dan Kementerian PUPR Diusulkan Pindah ke Kemenko Maritim
534,"[<div class=""article__date"">13/08/2015, 11:00 WIB</div>]",Kompascom,"Data Tak Jelas, Kementerian PUPR Tinjau Ulang ""Backlog"" Rumah"
535,"[<div class=""article__date"">02/08/2015, 17:16 WIB</div>]",Kompascom,"Anggaran Kementerian PUPR Tahun Depan Rp 103,8 Triliun"
536,"[<div class=""article__date"">21/07/2015, 19:31 WIB</div>]",Kompascom,Tingkat Serapan Anggaran Kementerian PUPR Baru Rp 28 Triliun
537,"[<div class=""article__date"">06/07/2015, 19:00 WIB</div>]",Kompascom,"Atasi Kekeringan, Kementerian PUPR Bangun Sumur Dalam dan Percepat Pembangunan Bendungan"
538,"[<div class=""article__date"">05/07/2015, 23:54 WIB</div>]",Kompascom,"Turunkan Harga Barang, Kementerian PUPR Siapkan Skenario untuk Papua"
539,"[<div class=""article__date"">03/07/2015, 14:00 WIB</div>]",Kompascom,"Serapan Anggaran Rendah, Kementerian PUPR Siapkan Tiga Skenario Baru"
540,,Kompascom,Kementerian PUPR Kaji Usulan BKPM Hapus Amdal dan Kemudahan IMB 
541,,Kompascom,Kementerian PUPR Kejar Target Penyerapan 93 Persen Akhir Tahun
